
-- phpMyAdmin SQL Dump
-- version 3.5.2.2
-- http://www.phpmyadmin.net
--
-- Servidor: localhost
-- Tiempo de generación: 27-08-2016 a las 15:30:31
-- Versión del servidor: 10.0.20-MariaDB
-- Versión de PHP: 5.2.17

SET SQL_MODE="NO_AUTO_VALUE_ON_ZERO";
SET time_zone = "+00:00";

use Prueba;
/*!40101 SET @OLD_CHARACTER_SET_CLIENT=@@CHARACTER_SET_CLIENT */;
/*!40101 SET @OLD_CHARACTER_SET_RESULTS=@@CHARACTER_SET_RESULTS */;
/*!40101 SET @OLD_COLLATION_CONNECTION=@@COLLATION_CONNECTION */;
/*!40101 SET NAMES utf8 */;

--
-- Base de datos: `u284596842_educa`
--

-- --------------------------------------------------------

--
-- Estructura de tabla para la tabla `carreras`
--

CREATE TABLE IF NOT EXISTS `carreras` (
  `ID` int(11) NOT NULL,
  `nomCarrera` varchar(255) NOT NULL,
  `nomCarreraHTML` varchar(255) NOT NULL,
  `nomCarrera_noTilde` varchar(255) NOT NULL,
  PRIMARY KEY (`ID`)
) ENGINE=MyISAM DEFAULT CHARSET=latin1;

--
-- Volcado de datos para la tabla `carreras`
--

INSERT INTO `carreras` (`ID`, `nomCarrera`, `nomCarreraHTML`, `nomCarrera_noTilde`) VALUES
(1, 'Actuación y Teatro', 'Actuaci&oacute;n y Teatro', 'Actuacion y Teatro'),
(2, 'Administración de Empresas e Ing. Asociadas', 'Administraci&oacute;n de Empresas e Ing. Asociadas', 'Administracion de Empresas e Ing. Asociadas'),
(3, 'Administración Gastronómica', 'Administraci&oacute;n Gastron&oacute;mica', 'Administracion Gastronomica'),
(4, 'Administración Pública', 'Administraci&oacute;n P&uacute;blica', 'Administracion Publica'),
(5, 'Administración Turística y Hotelera', 'Administraci&oacute;n Tur&iacute;stica y Hotelera', 'Administracion Turistica y Hotelera'),
(6, 'Agronomía', 'Agronom&iacute;a', 'Agronomia'),
(7, 'Analista Químico', 'Analista Qu&iacute;mico', 'Analista Quimico'),
(8, 'Antropología', 'Antropolog&iacute;a', 'Antropologia'),
(9, 'Arquitectura', 'Arquitectura', 'Arquitectura'),
(10, 'Artes y Licenciatura en Artes', 'Artes y Licenciatura en Artes', 'Artes y Licenciatura en Artes'),
(11, 'Bibliotecología', 'Bibliotecolog&iacute;a', 'Bibliotecologia'),
(12, 'Biología', 'Biolog&iacute;a', 'Biologia'),
(13, 'Biología Marina y Ecología Marina', 'Biolog&iacute;a Marina y Ecolog&iacute;a Marina', 'Biologia Marina y Ecologia Marina'),
(14, 'Bioquímica', 'Bioqu&iacute;mica', 'Bioquimica'),
(15, 'Ciencias Políticas', 'Ciencias Pol&iacute;ticas', 'Ciencias Politicas'),
(16, 'Comunicación Audiovisual y/o Multimedia', 'Comunicaci&oacute;n Audiovisual y/o Multimedia', 'Comunicacion Audiovisual y/o Multimedia'),
(17, 'Construcción Civil', 'Construcci&oacute;n Civil', 'Construccion Civil'),
(18, 'Contador Auditor', 'Contador Auditor', 'Contador Auditor'),
(19, 'Criminalística', 'Criminal&iacute;stica', 'Criminalistica'),
(20, 'Derecho', 'Derecho', 'Derecho'),
(21, 'Diseño', 'Dise&ntilde;o', 'Diseño'),
(22, 'Diseño de Ambientes e Interiores', 'Dise&ntilde;o de Ambientes e Interiores', 'Diseño de Ambientes e Interiores'),
(23, 'Diseño de Vestuario', 'Dise&ntilde;o de Vestuario', 'Diseño de Vestuario'),
(24, 'Diseño Gráfico', 'Dise&ntilde;o Gr&aacute;fico', 'Diseño Grafico'),
(25, 'Diseño Industrial', 'Dise&ntilde;o Industrial', 'Diseño Industrial'),
(26, 'Enfermería', 'Enfermer&iacute;a', 'Enfermeria'),
(27, 'Filosofía', 'Filosof&iacute;a', 'Filosofia'),
(28, 'Física y Astronomía', 'F&iacute;sica y Astronom&iacute;a', 'Fisica y Astronomia'),
(29, 'Fonoaudiología', 'Fonoaudiolog&iacute;a', 'Fonoaudiologia'),
(30, 'Fotografía', 'Fotograf&iacute;a', 'Fotografia'),
(31, 'Geografía', 'Geograf&iacute;a', 'Geografia'),
(32, 'Geología', 'Geolog&iacute;a', 'Geologia'),
(33, 'Historia', 'Historia', 'Historia'),
(34, 'Ingeniería Agrícola', 'Ingenier&iacute;a Agr&iacute;cola', 'Ingenieria Agricola'),
(35, 'Ingeniería Agroindustrial', 'Ingenier&iacute;a Agroindustrial', 'Ingenieria Agroindustrial'),
(36, 'Ingeniería Civil Agrícola', 'Ingenier&iacute;a Civil Agr&iacute;cola', 'Ingenieria Civil Agricola'),
(37, 'Ingeniería Civil Ambiental', 'Ingenier&iacute;a Civil Ambiental', 'Ingenieria Civil Ambiental'),
(38, 'Ingeniería Civil Bioquímica', 'Ingenier&iacute;a Civil Bioqu&iacute;mica', 'Ingenieria Civil Bioquimica'),
(39, 'Ingeniería Civil Eléctrica', 'Ingenier&iacute;a Civil El&eacute;ctrica', 'Ingenieria Civil Electrica'),
(40, 'Ingeniería Civil Electrónica', 'Ingenier&iacute;a Civil Electr&oacute;nica', 'Ingenieria Civil Electronica'),
(41, 'Ingeniería Civil en Biotecnología y/o Bioingeniería', 'Ingenier&iacute;a Civil en Biotecnolog&iacute;a y/o Bioingenier&iacute;a', 'Ingenieria Civil en Biotecnologia y/o Bioingenieria'),
(42, 'Ingeniería Civil en Computación e Informática', 'Ingenier&iacute;a Civil en Computaci&oacute;n e Inform&aacute;tica', 'Ingenieria Civil en Computacion e Informatica'),
(43, 'Ingeniería Civil en Minas', 'Ingenier&iacute;a Civil en Minas', 'Ingenieria Civil en Minas'),
(44, 'Ingeniería Civil en Obras Civiles', 'Ingenier&iacute;a Civil en Obras Civiles', 'Ingenieria Civil en Obras Civiles'),
(45, 'Ingeniería Civil Industrial', 'Ingenier&iacute;a Civil Industrial', 'Ingenieria Civil Industrial'),
(46, 'Ingeniería Civil Mecánica', 'Ingenier&iacute;a Civil Mec&aacute;nica', 'Ingenieria Civil Mecanica'),
(47, 'Ingeniería Civil Metalúrgica', 'Ingenier&iacute;a Civil Metal&uacute;rgica', 'Ingenieria Civil Metalurgica'),
(48, 'Ingeniería Civil Química', 'Ingenier&iacute;a Civil Qu&iacute;mica', 'Ingenieria Civil Quimica'),
(49, 'Ingeniería Civil, plan común y licenciatura en Ciencias de la Ingeniería', 'Ingenier&iacute;a Civil, plan com&uacute;n y licenciatura en Ciencias de la Ingenier&iacute;a', 'Ingenieria Civil, plan comun y licenciatura en Ciencias de la Ingenieria'),
(50, 'Ingeniería Comercial', 'Ingenier&iacute;a Comercial', 'Ingenieria Comercial'),
(51, 'Ingeniería en Acuicultura y Pesca', 'Ingenier&iacute;a en Acuicultura y Pesca', 'Ingenieria en Acuicultura y Pesca'),
(52, 'Ingeniería en Alimentos', 'Ingenier&iacute;a en Alimentos', 'Ingenieria en Alimentos'),
(53, 'Ingeniería en Automatización, Instrumentación y Control', 'Ingenier&iacute;a en Automatizaci&oacute;n, Instrumentaci&oacute;n y Control', 'Ingenieria en Automatizacion, Instrumentacion y Control'),
(54, 'Ingeniería en Biotecnología y Bioingeniería', 'Ingenier&iacute;a en Biotecnolog&iacute;a y Bioingenier&iacute;a', 'Ingenieria en Biotecnologia y Bioingenieria'),
(55, 'Ingeniería en Comercio Exterior', 'Ingenier&iacute;a en Comercio Exterior', 'Ingenieria en Comercio Exterior'),
(56, 'Ingeniería en Computación e Informática', 'Ingenier&iacute;a en Computaci&oacute;n e Inform&aacute;tica', 'Ingenieria en Computacion e Informatica'),
(57, 'Ingeniería en Conectividad y Redes', 'Ingenier&iacute;a en Conectividad y Redes', 'Ingenieria en Conectividad y Redes'),
(58, 'Ingeniería en Construcción', 'Ingenier&iacute;a en Construcci&oacute;n', 'Ingenieria en Construccion'),
(59, 'Ingeniería en Control de Gestión', 'Ingenier&iacute;a en Control de Gesti&oacute;n', 'Ingenieria en Control de Gestion'),
(60, 'Ingeniería en Electricidad', 'Ingenier&iacute;a en Electricidad', 'Ingenieria en Electricidad'),
(61, 'Ingeniería en Electrónica', 'Ingenier&iacute;a en Electr&oacute;nica', 'Ingenieria en Electronica'),
(62, 'Ingeniería en Finanzas', 'Ingenier&iacute;a en Finanzas', 'Ingenieria en Finanzas'),
(63, 'Ingeniería en Geomensura y Cartografía', 'Ingenier&iacute;a en Geomensura y Cartograf&iacute;a', 'Ingenieria en Geomensura y Cartografia'),
(64, 'Ingeniería en Gestión Pública', 'Ingenier&iacute;a en Gesti&oacute;n P&uacute;blica', 'Ingenieria en Gestion Publica'),
(65, 'Ingeniería en Logística', 'Ingenier&iacute;a en Log&iacute;stica', 'Ingenieria en Logistica'),
(66, 'Ingeniería en Marketing', 'Ingenier&iacute;a en Marketing', 'Ingenieria en Marketing'),
(67, 'Ingeniería en Matemática y Estadística', 'Ingenier&iacute;a en Matem&aacute;tica y Estad&iacute;stica', 'Ingenieria en Matematica y Estadistica'),
(68, 'Ingeniería en Mecánica Automotriz', 'Ingenier&iacute;a en Mec&aacute;nica Automotriz', 'Ingenieria en Mecanica Automotriz'),
(69, 'Ingeniería en Medio Ambiente', 'Ingenier&iacute;a en Medio Ambiente', 'Ingenieria en Medio Ambiente'),
(70, 'Ingeniería en Minas y Metalurgia', 'Ingenier&iacute;a en Minas y Metalurgia', 'Ingenieria en Minas y Metalurgia'),
(71, 'Ingeniería en Prevención de Riesgos', 'Ingenier&iacute;a en Prevenci&oacute;n de Riesgos', 'Ingenieria en Prevencion de Riesgos'),
(72, 'Ingeniería en Química', 'Ingenier&iacute;a en Qu&iacute;mica', 'Ingenieria en Quimica'),
(73, 'Ingeniería en Recursos Humanos', 'Ingenier&iacute;a en Recursos Humanos', 'Ingenieria en Recursos Humanos'),
(74, 'Ingeniería en Recursos Renovables', 'Ingenier&iacute;a en Recursos Renovables', 'Ingenieria en Recursos Renovables'),
(75, 'Ingeniería en Refrigeración y Climatización', 'Ingenier&iacute;a en Refrigeraci&oacute;n y Climatizaci&oacute;n', 'Ingenieria en Refrigeracion y Climatizacion'),
(76, 'Ingeniería en Sonido', 'Ingenier&iacute;a en Sonido', 'Ingenieria en Sonido'),
(77, 'Ingeniería en Telecomunicaciones', 'Ingenier&iacute;a en Telecomunicaciones', 'Ingenieria en Telecomunicaciones'),
(78, 'Ingeniería en Telemática', 'Ingenier&iacute;a en Telem&aacute;tica', 'Ingenieria en Telematica'),
(79, 'Ingeniería en Transporte y Tránsito', 'Ingenier&iacute;a en Transporte y Tr&aacute;nsito', 'Ingenieria en Transporte y Transito'),
(80, 'Ingeniería Forestal', 'Ingenier&iacute;a Forestal', 'Ingenieria Forestal'),
(81, 'Ingeniería Industrial', 'Ingenier&iacute;a Industrial', 'Ingenieria Industrial'),
(82, 'Ingeniería Marina y Marítimo Portuaria', 'Ingenier&iacute;a Marina y Mar&iacute;timo Portuaria', 'Ingenieria Marina y Maritimo Portuaria'),
(83, 'Ingeniería Mecánica', 'Ingenier&iacute;a Mec&aacute;nica', 'Ingenieria Mecanica'),
(84, 'Ingeniería Naval', 'Ingenier&iacute;a Naval', 'Ingenieria Naval'),
(85, 'Kinesiología', 'Kinesiolog&iacute;a', 'Kinesiologia'),
(86, 'Licenciatura en Gestión', 'Licenciatura en Gesti&oacute;n', 'Licenciatura en Gestion'),
(87, 'Licenciatura en Letras y Literatura', 'Licenciatura en Letras y Literatura', 'Licenciatura en Letras y Literatura'),
(88, 'Matemáticas y/o Estadísticas', 'Matem&aacute;ticas y/o Estad&iacute;sticas', 'Matematicas y/o Estadisticas'),
(89, 'Medicina', 'Medicina', 'Medicina'),
(90, 'Medicina Veterinaria', 'Medicina Veterinaria', 'Medicina Veterinaria'),
(91, 'Música, Canto o Danza', 'M&uacute;sica, Canto o Danza', 'Musica, Canto o Danza'),
(92, 'Nutrición y Dietética', 'Nutrici&oacute;n y Diet&eacute;tica', 'Nutricion y Dietetica'),
(93, 'Obstetricia y Puericultura', 'Obstetricia y Puericultura', 'Obstetricia y Puericultura'),
(94, 'Odontología', 'Odontolog&iacute;a', 'Odontologia'),
(95, 'Orientación Familiar y Relaciones Humanas', 'Orientaci&oacute;n Familiar y Relaciones Humanas', 'Orientacion Familiar y Relaciones Humanas'),
(96, 'Pedagogía en Artes y Música', 'Pedagog&iacute;a en Artes y M&uacute;sica', 'Pedagogia en Artes y Musica'),
(97, 'Pedagogía en Ciencias', 'Pedagog&iacute;a en Ciencias', 'Pedagogia en Ciencias'),
(98, 'Pedagogía en Educación Básica', 'Pedagog&iacute;a en Educaci&oacute;n B&aacute;sica', 'Pedagogia en Educacion Basica'),
(99, 'Pedagogía en Educación de Párvulos', 'Pedagog&iacute;a en Educaci&oacute;n de P&aacute;rvulos', 'Pedagogia en Educacion de Parvulos'),
(100, 'Pedagogía en Educación Diferencial', 'Pedagog&iacute;a en Educaci&oacute;n Diferencial', 'Pedagogia en Educacion Diferencial'),
(101, 'Pedagogía en Educación Física', 'Pedagog&iacute;a en Educaci&oacute;n F&iacute;sica', 'Pedagogia en Educacion Fisica'),
(102, 'Pedagogía en Educaci&ograve;n Media', 'Pedagog&iacute;a en Educaci&ograve;n Media', 'Pedagogia en Educaci&ograve;n Media'),
(103, 'Pedagogía en Educación Técnico Profesional', 'Pedagog&iacute;a en Educaci&oacute;n T&eacute;cnico Profesional', 'Pedagogia en Educacion Tecnico Profesional'),
(104, 'Pedagogía en Filosofía y Religión', 'Pedagog&iacute;a en Filosof&iacute;a y Religi&oacute;n', 'Pedagogia en Filosofia y Religion'),
(105, 'Pedagogía en Historia, Geografía y Ciencias Sociales', 'Pedagog&iacute;a en Historia, Geograf&iacute;a y Ciencias Sociales', 'Pedagogia en Historia, Geografia y Ciencias Sociales'),
(106, 'Pedagogía en Idiomas', 'Pedagog&iacute;a en Idiomas', 'Pedagogia en Idiomas'),
(107, 'Pedagogía en Lenguaje, Comunicación y/o Castellano', 'Pedagog&iacute;a en Lenguaje, Comunicaci&oacute;n y/o Castellano', 'Pedagogia en Lenguaje, Comunicacion y/o Castellano'),
(108, 'Pedagogía en Matemáticas y Computación', 'Pedagog&iacute;a en Matem&aacute;ticas y Computaci&oacute;n', 'Pedagogia en Matematicas y Computacion'),
(109, 'Periodismo', 'Periodismo', 'Periodismo'),
(110, 'Programas de Formación Pedagógica', 'Programas de Formaci&oacute;n Pedag&oacute;gica', 'Programas de Formacion Pedagogica'),
(111, 'Psicología', 'Psicolog&iacute;a', 'Psicologia'),
(112, 'Psicopedagogía', 'Psicopedagog&iacute;a', 'Psicopedagogia'),
(113, 'Publicidad', 'Publicidad', 'Publicidad'),
(114, 'Química Ambiental', 'Qu&iacute;mica Ambiental', 'Quimica Ambiental'),
(115, 'Química Industrial', 'Qu&iacute;mica Industrial', 'Quimica Industrial'),
(116, 'Química y Farmacia', 'Qu&iacute;mica y Farmacia', 'Quimica y Farmacia'),
(117, 'Química, Licenciado en Química', 'Qu&iacute;mica, Licenciado en Qu&iacute;mica', 'Quimica, Licenciado en Quimica'),
(118, 'Realizador de Cine y Televisión', 'Realizador de Cine y Televisi&oacute;n', 'Realizador de Cine y Television'),
(119, 'Relaciones Públicas', 'Relaciones P&uacute;blicas', 'Relaciones Publicas'),
(120, 'Secretariado Biling&uuml;e', 'Secretariado Biling&uuml;e', 'Secretariado Biling&uuml;e'),
(121, 'Secretariado Computacional', 'Secretariado Computacional', 'Secretariado Computacional'),
(122, 'Secretariado Ejecutivo', 'Secretariado Ejecutivo', 'Secretariado Ejecutivo'),
(123, 'Sociología', 'Sociolog&iacute;a', 'Sociologia'),
(124, 'Técnico Agente o Visitador Médico', 'T&eacute;cnico Agente o Visitador M&eacute;dico', 'Tecnico Agente o Visitador Medico'),
(125, 'Técnico Agropecuario', 'T&eacute;cnico Agropecuario', 'Tecnico Agropecuario'),
(126, 'Técnico Asistente del Educador de Párvulos', 'T&eacute;cnico Asistente del Educador de P&aacute;rvulos', 'Tecnico Asistente del Educador de Parvulos'),
(127, 'Técnico Asistente del Educador Diferencial', 'T&eacute;cnico Asistente del Educador Diferencial', 'Tecnico Asistente del Educador Diferencial'),
(128, 'Técnico Dental y Asistente de Odontología', 'T&eacute;cnico Dental y Asistente de Odontolog&iacute;a', 'Tecnico Dental y Asistente de Odontologia'),
(129, 'Técnico en Acuicultura y Pesca', 'T&eacute;cnico en Acuicultura y Pesca', 'Tecnico en Acuicultura y Pesca'),
(130, 'Técnico en Administración de Empresas', 'T&eacute;cnico en Administraci&oacute;n de Empresas', 'Tecnico en Administracion de Empresas'),
(131, 'Técnico en Administración de Recursos Humanos y Personal', 'T&eacute;cnico en Administraci&oacute;n de Recursos Humanos y Personal', 'Tecnico en Administracion de Recursos Humanos y Personal'),
(132, 'Técnico en Administración de Redes y Soporte', 'T&eacute;cnico en Administraci&oacute;n de Redes y Soporte', 'Tecnico en Administracion de Redes y Soporte'),
(133, 'Técnico en Administración de Ventas', 'T&eacute;cnico en Administraci&oacute;n de Ventas', 'Tecnico en Administracion de Ventas'),
(134, 'Técnico en Administración Financiera y Finanzas', 'T&eacute;cnico en Administraci&oacute;n Financiera y Finanzas', 'Tecnico en Administracion Financiera y Finanzas'),
(135, 'Técnico en Administración Pública o Municipal', 'T&eacute;cnico en Administraci&oacute;n P&uacute;blica o Municipal', 'Tecnico en Administracion Publica o Municipal'),
(136, 'Técnico en Alimentos', 'T&eacute;cnico en Alimentos', 'Tecnico en Alimentos'),
(137, 'Técnico en Ambientes e Interiores', 'T&eacute;cnico en Ambientes e Interiores', 'Tecnico en Ambientes e Interiores'),
(138, 'Técnico en Análisis de Sistemas', 'T&eacute;cnico en An&aacute;lisis de Sistemas', 'Tecnico en Analisis de Sistemas'),
(139, 'Técnico en Arsenaleria Quirúrgica', 'T&eacute;cnico en Arsenaleria Quir&uacute;rgica', 'Tecnico en Arsenaleria Quirurgica'),
(140, 'Técnico en Bibliotecas y Centros de Documentación', 'T&eacute;cnico en Bibliotecas y Centros de Documentaci&oacute;n', 'Tecnico en Bibliotecas y Centros de Documentacion'),
(141, 'Técnico en Biotecnología Industrial', 'T&eacute;cnico en Biotecnolog&iacute;a Industrial', 'Tecnico en Biotecnologia Industrial'),
(142, 'Técnico en Comercio Exterior', 'T&eacute;cnico en Comercio Exterior', 'Tecnico en Comercio Exterior'),
(143, 'Técnico en Computación e Informática', 'T&eacute;cnico en Computaci&oacute;n e Inform&aacute;tica', 'Tecnico en Computacion e Informatica'),
(144, 'Técnico en Comunicación Audiovisual', 'T&eacute;cnico en Comunicaci&oacute;n Audiovisual', 'Tecnico en Comunicacion Audiovisual'),
(145, 'Técnico en Construcción y Obras Civiles', 'T&eacute;cnico en Construcci&oacute;n y Obras Civiles', 'Tecnico en Construccion y Obras Civiles'),
(146, 'Técnico en Contabilidad Computacional', 'T&eacute;cnico en Contabilidad Computacional', 'Tecnico en Contabilidad Computacional'),
(147, 'Técnico en Contabilidad General', 'T&eacute;cnico en Contabilidad General', 'Tecnico en Contabilidad General'),
(148, 'Técnico en Contabilidad Tributaria', 'T&eacute;cnico en Contabilidad Tributaria', 'Tecnico en Contabilidad Tributaria'),
(149, 'Técnico en Deporte, Recreación y Preparación Física', 'T&eacute;cnico en Deporte, Recreaci&oacute;n y Preparaci&oacute;n F&iacute;sica', 'Tecnico en Deporte, Recreacion y Preparacion Fisica'),
(150, 'Técnico en Dibujo Arquitectónico', 'T&eacute;cnico en Dibujo Arquitect&oacute;nico', 'Tecnico en Dibujo Arquitectonico'),
(151, 'Técnico en Dibujo Técnico e Industrial', 'T&eacute;cnico en Dibujo T&eacute;cnico e Industrial', 'Tecnico en Dibujo Tecnico e Industrial'),
(152, 'Técnico en Diseño de áreas Verdes y Paisajismo', 'T&eacute;cnico en Dise&ntilde;o de &aacute;reas Verdes y Paisajismo', 'Tecnico en Diseño de areas Verdes y Paisajismo'),
(153, 'Técnico en Diseño de Vestuario', 'T&eacute;cnico en Dise&ntilde;o de Vestuario', 'Tecnico en Diseño de Vestuario'),
(154, 'Técnico en Diseño Gráfico', 'T&eacute;cnico en Dise&ntilde;o Gr&aacute;fico', 'Tecnico en Diseño Grafico'),
(155, 'Técnico en Electricidad y Electricidad Industrial', 'T&eacute;cnico en Electricidad y Electricidad Industrial', 'Tecnico en Electricidad y Electricidad Industrial'),
(156, 'Técnico en Electromecánica', 'T&eacute;cnico en Electromec&aacute;nica', 'Tecnico en Electromecanica'),
(157, 'Técnico en Electrónica y Electrónica Industrial', 'T&eacute;cnico en Electr&oacute;nica y Electr&oacute;nica Industrial', 'Tecnico en Electronica y Electronica Industrial'),
(158, 'Técnico en Enfermería', 'T&eacute;cnico en Enfermer&iacute;a', 'Tecnico en Enfermeria'),
(159, 'Técnico en Farmacia', 'T&eacute;cnico en Farmacia', 'Tecnico en Farmacia'),
(160, 'Técnico en Fotografía', 'T&eacute;cnico en Fotograf&iacute;a', 'Tecnico en Fotografia'),
(161, 'Técnico en Gastronomía y Cocina', 'T&eacute;cnico en Gastronom&iacute;a y Cocina', 'Tecnico en Gastronomia y Cocina'),
(162, 'Técnico en Geominería', 'T&eacute;cnico en Geominer&iacute;a', 'Tecnico en Geomineria'),
(163, 'Técnico en Gestión Previsional', 'T&eacute;cnico en Gesti&oacute;n Previsional', 'Tecnico en Gestion Previsional'),
(164, 'Técnico en Gestión y Control de Calidad', 'T&eacute;cnico en Gesti&oacute;n y Control de Calidad', 'Tecnico en Gestion y Control de Calidad'),
(165, 'Técnico en Instrumentación, Automatización y Control Industrial', 'T&eacute;cnico en Instrumentaci&oacute;n, Automatizaci&oacute;n y Control Industrial', 'Tecnico en Instrumentacion, Automatizacion y Control Industrial'),
(166, 'Técnico en Laboratorio Clínico', 'T&eacute;cnico en Laboratorio Cl&iacute;nico', 'Tecnico en Laboratorio Clinico'),
(167, 'Técnico en Logística', 'T&eacute;cnico en Log&iacute;stica', 'Tecnico en Logistica'),
(168, 'Técnico en Mantenimiento Industrial', 'T&eacute;cnico en Mantenimiento Industrial', 'Tecnico en Mantenimiento Industrial'),
(169, 'Técnico en Masoterapia', 'T&eacute;cnico en Masoterapia', 'Tecnico en Masoterapia'),
(170, 'Técnico en Matriceria', 'T&eacute;cnico en Matriceria', 'Tecnico en Matriceria'),
(171, 'Técnico en Mecánica Automotriz', 'T&eacute;cnico en Mec&aacute;nica Automotriz', 'Tecnico en Mecanica Automotriz'),
(172, 'Técnico en Mecánica Industrial', 'T&eacute;cnico en Mec&aacute;nica Industrial', 'Tecnico en Mecanica Industrial'),
(173, 'Técnico en Minería y Metalurgia', 'T&eacute;cnico en Miner&iacute;a y Metalurgia', 'Tecnico en Mineria y Metalurgia'),
(174, 'Técnico en Nutrición y Dietética', 'T&eacute;cnico en Nutrici&oacute;n y Diet&eacute;tica', 'Tecnico en Nutricion y Dietetica'),
(175, 'Técnico en Peluquería y Estética', 'T&eacute;cnico en Peluquer&iacute;a y Est&eacute;tica', 'Tecnico en Peluqueria y Estetica'),
(176, 'Técnico en Podología', 'T&eacute;cnico en Podolog&iacute;a', 'Tecnico en Podologia'),
(177, 'Técnico en Prevención de Riesgos', 'T&eacute;cnico en Prevenci&oacute;n de Riesgos', 'Tecnico en Prevencion de Riesgos'),
(178, 'Técnico en Procesos Industriales', 'T&eacute;cnico en Procesos Industriales', 'Tecnico en Procesos Industriales'),
(179, 'Técnico en Producción de Eventos y Comunicación Social', 'T&eacute;cnico en Producci&oacute;n de Eventos y Comunicaci&oacute;n Social', 'Tecnico en Produccion de Eventos y Comunicacion Social'),
(180, 'Técnico en Producción Gráfica y Multimedia', 'T&eacute;cnico en Producci&oacute;n Gr&aacute;fica y Multimedia', 'Tecnico en Produccion Grafica y Multimedia'),
(181, 'Técnico en Proyectos de Ingeniería', 'T&eacute;cnico en Proyectos de Ingenier&iacute;a', 'Tecnico en Proyectos de Ingenieria'),
(182, 'Técnico en Publicidad', 'T&eacute;cnico en Publicidad', 'Tecnico en Publicidad'),
(183, 'Técnico en Química (Análisis e Industrial)', 'T&eacute;cnico en Qu&iacute;mica (An&aacute;lisis e Industrial)', 'Tecnico en Quimica (Analisis e Industrial)'),
(184, 'Técnico en Radiología y Radioterapia', 'T&eacute;cnico en Radiolog&iacute;a y Radioterapia', 'Tecnico en Radiologia y Radioterapia'),
(185, 'Técnico en Refrigeración y Climatización', 'T&eacute;cnico en Refrigeraci&oacute;n y Climatizaci&oacute;n', 'Tecnico en Refrigeracion y Climatizacion'),
(186, 'Técnico en Relaciones Públicas', 'T&eacute;cnico en Relaciones P&uacute;blicas', 'Tecnico en Relaciones Publicas'),
(187, 'Técnico en Servicio Social', 'T&eacute;cnico en Servicio Social', 'Tecnico en Servicio Social'),
(188, 'Técnico en Sonido', 'T&eacute;cnico en Sonido', 'Tecnico en Sonido'),
(189, 'Técnico en Teatro', 'T&eacute;cnico en Teatro', 'Tecnico en Teatro'),
(190, 'Técnico en Telecomunicaciones', 'T&eacute;cnico en Telecomunicaciones', 'Tecnico en Telecomunicaciones'),
(191, 'Técnico en Terapias Naturales y Naturopatía', 'T&eacute;cnico en Terapias Naturales y Naturopat&iacute;a', 'Tecnico en Terapias Naturales y Naturopatia'),
(192, 'Técnico en Topografía', 'T&eacute;cnico en Topograf&iacute;a', 'Tecnico en Topografia'),
(193, 'Técnico en Traducción e Interpretariado', 'T&eacute;cnico en Traducci&oacute;n e Interpretariado', 'Tecnico en Traduccion e Interpretariado'),
(194, 'Técnico en Turismo y Hotelería', 'T&eacute;cnico en Turismo y Hoteler&iacute;a', 'Tecnico en Turismo y Hoteleria'),
(195, 'Técnico en Vitivinicultura y/o Enología', 'T&eacute;cnico en Vitivinicultura y/o Enolog&iacute;a', 'Tecnico en Vitivinicultura y/o Enologia'),
(196, 'Técnico Jurídico', 'T&eacute;cnico Jur&iacute;dico', 'Tecnico Juridico'),
(197, 'Técnico Laboratorista Dental', 'T&eacute;cnico Laboratorista Dental', 'Tecnico Laboratorista Dental'),
(198, 'Técnico Veterinario', 'T&eacute;cnico Veterinario', 'Tecnico Veterinario'),
(199, 'Tecnología Médica', 'Tecnolog&iacute;a M&eacute;dica', 'Tecnologia Medica'),
(200, 'Terapia Ocupacional', 'Terapia Ocupacional', 'Terapia Ocupacional'),
(201, 'Trabajo Social', 'Trabajo Social', 'Trabajo Social'),
(202, 'Traducción e Interpretación', 'Traducci&oacute;n e Interpretaci&oacute;n', 'Traduccion e Interpretacion');

-- --------------------------------------------------------

--
-- Estructura de tabla para la tabla `docentes`
--

CREATE TABLE IF NOT EXISTS `docentes` (
  `id_docente` int(11) NOT NULL AUTO_INCREMENT,
  `nom` varchar(255) CHARACTER SET utf8 NOT NULL,
  `apePat` varchar(255) CHARACTER SET utf8 NOT NULL,
  `apeMat` varchar(255) CHARACTER SET utf8 NOT NULL,
  `email` varchar(255) NOT NULL,
  `activo` int(11) NOT NULL,
  `nom_noTilde` varchar(255) NOT NULL,
  `apePat_noTilde` varchar(255) NOT NULL,
  `apeMat_noTilde` varchar(255) NOT NULL,
  PRIMARY KEY (`id_docente`)
) ENGINE=MyISAM  DEFAULT CHARSET=latin1 AUTO_INCREMENT=47 ;

--
-- Volcado de datos para la tabla `docentes`
--

INSERT INTO `docentes` (`id_docente`, `nom`, `apePat`, `apeMat`, `email`, `activo`, `nom_noTilde`, `apePat_noTilde`, `apeMat_noTilde`) VALUES
(4, 'Cecilia  ', 'Valencia', 'Godoy', '', 1, 'Cecilia  ', 'Valencia', 'Godoy'),
(5, 'Andrea Lorena ', 'Cabrolier', 'Balladares', '', 1, 'Andrea Lorena ', 'Cabrolier', 'Balladares'),
(6, 'Christian Dante ', 'Rovano', 'Salazar', '', 1, 'Christian Dante ', 'Rovano', 'Salazar'),
(7, 'Rosa Eugenia ', 'Seguel', 'Correa', '', 1, 'Rosa Eugenia ', 'Seguel', 'Correa'),
(8, 'Elena Delfina ', 'Barrera', 'Gonzalez', '', 1, 'Elena Delfina ', 'Barrera', 'Gonzalez'),
(9, 'Carolina  ', 'Ehrmantraut', 'Caballero', '', 1, 'Carolina  ', 'Ehrmantraut', 'Caballero'),
(10, 'Patrick Alexander ', 'León', 'Melita', '', 1, 'Patrick Alexander ', 'Leon', 'Melita'),
(11, 'Teresa Jesús ', 'Tapia', 'Soto', '', 1, 'Teresa Jesus ', 'Tapia', 'Soto'),
(12, 'José Pablo ', 'Quezada', 'Olguín', '', 1, 'Jose Pablo ', 'Quezada', 'Olguin'),
(13, 'Claudio Arturo ', 'Galvez', 'Contreras', '', 1, 'Claudio Arturo ', 'Galvez', 'Contreras'),
(14, 'Jorge Antonio ', 'Hormazábal', 'Valdés', '', 1, 'Jorge Antonio ', 'Hormazabal', 'Valdes'),
(15, 'Roberto Mauricio Alejandro', 'Hernández', 'Antinao', '', 1, 'Roberto Mauricio Alejandro', 'Hernandez', 'Antinao'),
(16, 'Blanca Araceley ', 'Araya', 'Diaz', '', 1, 'Blanca Araceley ', 'Araya', 'Diaz'),
(17, 'Mario Venancio ', 'Marchant', 'Silva', '', 1, 'Mario Venancio ', 'Marchant', 'Silva'),
(18, 'Pedro Alfonso ', 'Fuentealba', 'Martinez', '', 1, 'Pedro Alfonso ', 'Fuentealba', 'Martinez'),
(19, 'Jose Luis ', 'de la Torre', 'Urzua', '', 1, 'Jose Luis ', 'de la Torre', 'Urzua'),
(20, 'Francisco Felipe ', 'Cuevas', 'Cerón', '', 1, 'Francisco Felipe ', 'Cuevas', 'Ceron'),
(21, 'Rodrigo  ', 'Toledo', 'de los Santos', '', 1, 'Rodrigo  ', 'Toledo', 'de los Santos'),
(22, 'Nelson Enrique ', 'Vallejos', 'Varas', '', 1, 'Nelson Enrique ', 'Vallejos', 'Varas'),
(23, 'Susana  ', 'Grimalt', 'Catalán', '', 1, 'Susana  ', 'Grimalt', 'Catalan'),
(24, 'Katherine Isabel ', 'Navarrete', 'Navarro', '', 1, 'Katherine Isabel ', 'Navarrete', 'Navarro'),
(25, 'Francisca  ', 'Sanchez', 'Mora', '', 1, 'Francisca  ', 'Sanchez', 'Mora'),
(26, 'Armin Vladimir ', 'Brun', 'Ruth', '', 1, 'Armin Vladimir ', 'Brun', 'Ruth'),
(27, 'Jorge Antonio ', 'Rozas', 'Cortés', '', 1, 'Jorge Antonio ', 'Rozas', 'Cortes'),
(28, 'Patricia Monica ', 'Cañas', 'Lemesch', '', 1, 'Patricia Monica ', 'Cañas', 'Lemesch'),
(29, 'Gonzalo Javier ', 'Caro', 'Celis', '', 1, 'Gonzalo Javier ', 'Caro', 'Celis'),
(30, 'José Luis Alberto', 'Ramírez', 'Ruíz', '', 1, 'Jose Luis Alberto', 'Ramirez', 'Ruiz'),
(31, 'Luis Wilfredo ', 'Flor', 'Gonza', '', 1, 'Luis Wilfredo ', 'Flor', 'Gonza'),
(32, 'Moisés  ', 'Córdova', 'Castro', '', 1, 'Moises  ', 'Cordova', 'Castro'),
(33, 'Cristian Eduardo ', 'González', 'Urzúa', '', 1, 'Cristian Eduardo ', 'Gonzalez', 'Urzua'),
(34, 'Francisco Javier ', 'González', 'Villarroel', '', 1, 'Francisco Javier ', 'Gonzalez', 'Villarroel'),
(35, 'Sergio Andrés ', 'Muñoz', 'Sasso', '', 1, 'Sergio Andres ', 'Muñoz', 'Sasso'),
(36, 'Pedro Ernesto ', 'Ulloa', 'Morales', '', 1, 'Pedro Ernesto ', 'Ulloa', 'Morales'),
(37, 'Sergio Fernando ', 'Figueroa', 'Parra', '', 1, 'Sergio Fernando ', 'Figueroa', 'Parra'),
(38, 'Francisco Eusebio ', 'Vargas', 'Barriga', '', 1, 'Francisco Eusebio ', 'Vargas', 'Barriga'),
(39, 'Roger Eliseo ', 'Astorga', 'Pozo', '', 1, 'Roger Eliseo ', 'Astorga', 'Pozo'),
(40, 'Miguel Esteban ', 'Aranda', 'Macias', '', 1, 'Miguel Esteban ', 'Aranda', 'Macias'),
(41, 'Marcell Alejandro ', 'Saavedra', 'Pinto', '', 1, 'Marcell Alejandro ', 'Saavedra', 'Pinto'),
(42, 'Lorena Pia ', 'Campos', 'Valenzuela', '', 1, 'Lorena Pia ', 'Campos', 'Valenzuela'),
(43, 'Alejandro Hernán ', 'Cuevas ', 'Rivero', '', 1, 'Alejandro Hernan ', 'Cuevas ', 'Rivero'),
(44, 'Christopher Alejandro ', 'Contreras', 'Escobar', '', 1, 'Christopher Alejandro ', 'Contreras', 'Escobar'),
(45, 'Ruben Andres ', 'Coello', 'Gonzalez', '', 1, 'Ruben Andres ', 'Coello', 'Gonzalez'),
(46, 'José Alexander ', 'Vera', 'Puentes', '', 1, 'Jose Alexander ', 'Vera', 'Puentes');

-- --------------------------------------------------------

--
-- Estructura de tabla para la tabla `instituciones`
--

CREATE TABLE IF NOT EXISTS `instituciones` (
  `id` int(11) NOT NULL,
  `nomIns` varchar(255) NOT NULL,
  `nomInsHTML` varchar(255) NOT NULL,
  `tipoIns` int(11) NOT NULL,
  PRIMARY KEY (`id`)
) ENGINE=MyISAM DEFAULT CHARSET=latin1;

--
-- Volcado de datos para la tabla `instituciones`
--

INSERT INTO `instituciones` (`id`, `nomIns`, `nomInsHTML`, `tipoIns`) VALUES
(11, 'Pontificia Universidad Católica de Chile', 'Pontificia Universidad Cat&oacute;lica de Chile', 1),
(12, 'Pontificia Universidad Católica de Valparaíso', 'Pontificia Universidad Cat&oacute;lica de Valpara&iacute;so', 1),
(13, 'Universidad Academia de Humanismo Cristiano', 'Universidad Academia de Humanismo Cristiano', 1),
(14, 'Universidad Adolfo Ibáñez', 'Universidad Adolfo Ib&aacute;&ntilde;ez', 1),
(15, 'Universidad Adventista de Chile', 'Universidad Adventista de Chile', 1),
(16, 'Universidad Alberto Hurtado', 'Universidad Alberto Hurtado', 1),
(17, 'Universidad Andrés Bello ', 'Universidad Andr&eacute;s Bello ', 1),
(18, 'Universidad Arturo Prat', 'Universidad Arturo Prat', 1),
(19, 'Universidad Austral de Chile', 'Universidad Austral de Chile', 1),
(21, 'Centro de Formación Técnica ALFA', 'Centro de Formaci&oacute;n T&eacute;cnica ALFA', 2),
(22, 'Centro de Formación Técnica Alpes', 'Centro de Formaci&oacute;n T&eacute;cnica Alpes', 2),
(23, 'Centro de Formación Técnica Andrés Bello', 'Centro de Formaci&oacute;n T&eacute;cnica Andr&eacute;s Bello', 2),
(24, 'Centro de Formación Técnica Barros Arana', 'Centro de Formaci&oacute;n T&eacute;cnica Barros Arana', 2),
(25, 'Centro de Formación Técnica Cámara de Comercio de Santiago', 'Centro de Formaci&oacute;n T&eacute;cnica C&aacute;mara de Comercio de Santiago', 2),
(26, 'Centro de Formación Técnica CEDUC - UCN', 'Centro de Formaci&oacute;n T&eacute;cnica CEDUC - UCN', 2),
(27, 'Centro de Formación Técnica CEITEC', 'Centro de Formaci&oacute;n T&eacute;cnica CEITEC', 2),
(28, 'Centro de Formación Técnica CENCO', 'Centro de Formaci&oacute;n T&eacute;cnica CENCO', 2),
(29, 'Centro de Formación Técnica Centro de Enseñanza de Alta Costura Paulina Diard', 'Centro de Formaci&oacute;n T&eacute;cnica Centro de Ense&ntilde;anza de Alta Costura Paulina Diard', 2),
(31, 'Instituto Profesional Adventista', 'Instituto Profesional Adventista', 3),
(32, 'Instituto Profesional Agrario Adolfo Matthei', 'Instituto Profesional Agrario Adolfo Matthei', 3),
(33, 'Instituto Profesional AIEP', 'Instituto Profesional AIEP', 3),
(34, 'Instituto Profesional Alemán Wilhelm Von Humboldt', 'Instituto Profesional Alem&aacute;n Wilhelm Von Humboldt', 3),
(35, 'Instituto Profesional Carlos Casanueva', 'Instituto Profesional Carlos Casanueva', 3),
(36, 'Instituto Profesional CIISA', 'Instituto Profesional CIISA', 3),
(37, 'Instituto Profesional Chileno Británico de Cultura', 'Instituto Profesional Chileno Brit&aacute;nico de Cultura', 3),
(38, 'Instituto Profesional Chileno Norteamericano', 'Instituto Profesional Chileno Norteamericano', 3),
(39, 'Instituto Profesional de Arte y Comunicación ARCOS', 'Instituto Profesional de Arte y Comunicaci&oacute;n ARCOS', 3),
(110, 'Universidad Autónoma de Chile', 'Universidad Aut&oacute;noma de Chile', 1),
(111, 'Universidad Bernardo OHiggins', 'Universidad Bernardo OHiggins', 1),
(112, 'Universidad Bolivariana', 'Universidad Bolivariana', 1),
(113, 'Universidad Católica Cardenal Raúl Silva Henríquez', 'Universidad Cat&oacute;lica Cardenal Ra&uacute;l Silva Henr&iacute;quez', 1),
(114, 'Universidad Católica de la Santísima Concepción', 'Universidad Cat&oacute;lica de la Sant&iacute;sima Concepci&oacute;n', 1),
(115, 'Universidad Católica de Temuco', 'Universidad Cat&oacute;lica de Temuco', 1),
(116, 'Universidad Católica del Maule', 'Universidad Cat&oacute;lica del Maule', 1),
(117, 'Universidad Católica del Norte', 'Universidad Cat&oacute;lica del Norte', 1),
(118, 'Universidad Central de Chile', 'Universidad Central de Chile', 1),
(119, 'Universidad Chileno Británica de Cultura', 'Universidad Chileno Brit&aacute;nica de Cultura', 1),
(120, 'Universidad de Aconcagua', 'Universidad de Aconcagua', 1),
(121, 'Universidad de Antofagasta', 'Universidad de Antofagasta', 1),
(122, 'Universidad de Arte y Ciencias Sociales ARCIS', 'Universidad de Arte y Ciencias Sociales ARCIS', 1),
(123, 'Universidad de Artes, Ciencias y Comunicación - UNIACC', 'Universidad de Artes, Ciencias y Comunicaci&oacute;n - UNIACC', 1),
(124, 'Universidad de Atacama', 'Universidad de Atacama', 1),
(125, 'Universidad de Concepción', 'Universidad de Concepci&oacute;n', 1),
(126, 'Universidad de Chile', 'Universidad de Chile', 1),
(127, 'Universidad de La Frontera', 'Universidad de La Frontera', 1),
(128, 'Universidad de La Serena', 'Universidad de La Serena', 1),
(129, 'Universidad de Las Américas', 'Universidad de Las Am&eacute;ricas', 1),
(130, 'Universidad de Los Andes', 'Universidad de Los Andes', 1),
(131, 'Universidad de Los Lagos', 'Universidad de Los Lagos', 1),
(132, 'Universidad de Magallanes', 'Universidad de Magallanes', 1),
(133, 'Universidad de Playa Ancha de Ciencias de la Educación', 'Universidad de Playa Ancha de Ciencias de la Educaci&oacute;n', 1),
(134, 'Universidad de Santiago de Chile', 'Universidad de Santiago de Chile', 1),
(135, 'Universidad de Talca', 'Universidad de Talca', 1),
(136, 'Universidad de Tarapacá', 'Universidad de Tarapac&aacute;', 1),
(137, 'Universidad de Valparaíso', 'Universidad de Valpara&iacute;so', 1),
(138, 'Universidad de Viña del Mar', 'Universidad de Vi&ntilde;a del Mar', 1),
(139, 'Universidad del Bío-Bío', 'Universidad del B&iacute;o-B&iacute;o', 1),
(140, 'Universidad del Desarrollo', 'Universidad del Desarrollo', 1),
(141, 'Universidad del Mar', 'Universidad del Mar', 1),
(142, 'Universidad del Pacífico', 'Universidad del Pac&iacute;fico', 1),
(143, 'Universidad Diego Portales', 'Universidad Diego Portales', 1),
(144, 'Universidad Finis Terrae', 'Universidad Finis Terrae', 1),
(145, 'Universidad Gabriela Mistral', 'Universidad Gabriela Mistral', 1),
(146, 'Universidad Iberoamericana de Ciencias y Tecnología, UNICIT', 'Universidad Iberoamericana de Ciencias y Tecnolog&iacute;a, UNICIT', 1),
(147, 'Universidad La Araucana', 'Universidad La Araucana', 1),
(148, 'Universidad La República', 'Universidad La Rep&uacute;blica', 1),
(149, 'Universidad Los Leones', 'Universidad Los Leones', 1),
(150, 'Universidad Mayor', 'Universidad Mayor', 1),
(151, 'Universidad Metropolitana de Ciencias de la Educación', 'Universidad Metropolitana de Ciencias de la Educaci&oacute;n', 1),
(152, 'Universidad Miguel de Cervantes', 'Universidad Miguel de Cervantes', 1),
(153, 'Universidad Pedro de Valdivia', 'Universidad Pedro de Valdivia', 1),
(154, 'Universidad San Sebastián', 'Universidad San Sebasti&aacute;n', 1),
(155, 'Universidad Santo Tomás', 'Universidad Santo Tom&aacute;s', 1),
(156, 'Universidad SEK', 'Universidad SEK', 1),
(157, 'Universidad Técnica Federico Santa María', 'Universidad T&eacute;cnica Federico Santa Mar&iacute;a', 1),
(158, 'Universidad Tecnológica de Chile INACAP', 'Universidad Tecnol&oacute;gica de Chile INACAP', 1),
(159, 'Universidad Tecnológica Metropolitana', 'Universidad Tecnol&oacute;gica Metropolitana', 1),
(160, 'Universidad UCINF', 'Universidad UCINF', 1),
(210, 'Centro de Formación Técnica Centro Tecnológico Superior INFOMED', 'Centro de Formaci&oacute;n T&eacute;cnica Centro Tecnol&oacute;gico Superior INFOMED', 2),
(211, 'Centro de Formación Técnica CEPA de la III Región', 'Centro de Formaci&oacute;n T&eacute;cnica CEPA de la III Regi&oacute;n', 2),
(212, 'Centro de Formación Técnica CEPONAL', 'Centro de Formaci&oacute;n T&eacute;cnica CEPONAL', 2),
(213, 'Centro de Formación Técnica CRECIC', 'Centro de Formaci&oacute;n T&eacute;cnica CRECIC', 2),
(214, 'Centro de Formación Técnica CROWNLIET', 'Centro de Formaci&oacute;n T&eacute;cnica CROWNLIET', 2),
(215, 'Centro de Formación Técnica de ENAC', 'Centro de Formaci&oacute;n T&eacute;cnica de ENAC', 2),
(216, 'Centro de Formación Técnica de la Industria Gráfica', 'Centro de Formaci&oacute;n T&eacute;cnica de la Industria Gr&aacute;fica', 2),
(217, 'Centro de Formación Técnica de Tarapacá', 'Centro de Formaci&oacute;n T&eacute;cnica de Tarapac&aacute;', 2),
(218, 'Centro de Formación Técnica del Medio Ambiente', 'Centro de Formaci&oacute;n T&eacute;cnica del Medio Ambiente', 2),
(219, 'Centro de Formación Técnica DUOC UC', 'Centro de Formaci&oacute;n T&eacute;cnica DUOC UC', 2),
(220, 'Centro de Formación Técnica EDUCAP', 'Centro de Formaci&oacute;n T&eacute;cnica EDUCAP', 2),
(221, 'Centro de Formación Técnica Escuela Culinaria Francesa ECOLE', 'Centro de Formaci&oacute;n T&eacute;cnica Escuela Culinaria Francesa ECOLE', 2),
(222, 'Centro de Formación Técnica Escuela de Artes Aplicadas Oficios del Fuego', 'Centro de Formaci&oacute;n T&eacute;cnica Escuela de Artes Aplicadas Oficios del Fuego', 2),
(223, 'Centro de Formación Técnica Escuela de Interpretes INCENI', 'Centro de Formaci&oacute;n T&eacute;cnica Escuela de Interpretes INCENI', 2),
(224, 'Centro de Formación Técnica Escuela Superior de Administración de Negocios del Norte - ESANE DEL NORTE', 'Centro de Formaci&oacute;n T&eacute;cnica Escuela Superior de Administraci&oacute;n de Negocios del Norte - ESANE DEL NORTE', 2),
(225, 'Centro de Formación Técnica Estudio Profesor Valero', 'Centro de Formaci&oacute;n T&eacute;cnica Estudio Profesor Valero', 2),
(226, 'Centro de Formación Técnica FINNING', 'Centro de Formaci&oacute;n T&eacute;cnica FINNING', 2),
(227, 'Centro de Formación Técnica FONTANAR', 'Centro de Formaci&oacute;n T&eacute;cnica FONTANAR', 2),
(228, 'Centro de Formación Técnica ICEL', 'Centro de Formaci&oacute;n T&eacute;cnica ICEL', 2),
(229, 'Centro de Formación Técnica INACAP', 'Centro de Formaci&oacute;n T&eacute;cnica INACAP', 2),
(230, 'Centro de Formación Técnica Instituto Central de Capacitación Educacional ICCE', 'Centro de Formaci&oacute;n T&eacute;cnica Instituto Central de Capacitaci&oacute;n Educacional ICCE', 2),
(231, 'Centro de Formación Técnica Instituto de Secretariado INSEC', 'Centro de Formaci&oacute;n T&eacute;cnica Instituto de Secretariado INSEC', 2),
(232, 'Centro de Formación Técnica Instituto Superior Alemán de Comercio INSALCO', 'Centro de Formaci&oacute;n T&eacute;cnica Instituto Superior Alem&aacute;n de Comercio INSALCO', 2),
(233, 'Centro de Formación Técnica Instituto Superior de Estudios Jurídicos CANON', 'Centro de Formaci&oacute;n T&eacute;cnica Instituto Superior de Estudios Jur&iacute;dicos CANON', 2),
(234, 'Centro de Formación Técnica Instituto Técnológico de Chile - I.T.C.', 'Centro de Formaci&oacute;n T&eacute;cnica Instituto T&eacute;cnol&oacute;gico de Chile - I.T.C.', 2),
(235, 'Centro de Formación Técnica IPROSEC', 'Centro de Formaci&oacute;n T&eacute;cnica IPROSEC', 2),
(236, 'Centro de Formación Técnica Juan Bohon', 'Centro de Formaci&oacute;n T&eacute;cnica Juan Bohon', 2),
(237, 'Centro de Formación Técnica La Araucana', 'Centro de Formaci&oacute;n T&eacute;cnica La Araucana', 2),
(238, 'Centro de Formación Técnica LAPLACE', 'Centro de Formaci&oacute;n T&eacute;cnica LAPLACE', 2),
(239, 'Centro de Formación Técnica Los Lagos', 'Centro de Formaci&oacute;n T&eacute;cnica Los Lagos', 2),
(240, 'Centro de Formación Técnica Los Leones', 'Centro de Formaci&oacute;n T&eacute;cnica Los Leones', 2),
(241, 'Centro de Formación Técnica Lota-Arauco', 'Centro de Formaci&oacute;n T&eacute;cnica Lota-Arauco', 2),
(242, 'Centro de Formación Técnica Luis Alberto Vera', 'Centro de Formaci&oacute;n T&eacute;cnica Luis Alberto Vera', 2),
(243, 'Centro de Formación Técnica MAGNOS', 'Centro de Formaci&oacute;n T&eacute;cnica MAGNOS', 2),
(244, 'Centro de Formación Técnica MANPOWER', 'Centro de Formaci&oacute;n T&eacute;cnica MANPOWER', 2),
(245, 'Centro de Formación Técnica Massachusetts', 'Centro de Formaci&oacute;n T&eacute;cnica Massachusetts', 2),
(246, 'Centro de Formación Técnica PROANDES', 'Centro de Formaci&oacute;n T&eacute;cnica PROANDES', 2),
(247, 'Centro de Formación Técnica PRODATA', 'Centro de Formaci&oacute;n T&eacute;cnica PRODATA', 2),
(248, 'Centro de Formación Técnica PROFASOC', 'Centro de Formaci&oacute;n T&eacute;cnica PROFASOC', 2),
(249, 'Centro de Formación Técnica PROTEC', 'Centro de Formaci&oacute;n T&eacute;cnica PROTEC', 2),
(250, 'Centro de Formación Técnica San Agustín de Talca', 'Centro de Formaci&oacute;n T&eacute;cnica San Agust&iacute;n de Talca', 2),
(251, 'Centro de Formación Técnica Santo Tomás', 'Centro de Formaci&oacute;n T&eacute;cnica Santo Tom&aacute;s', 2),
(252, 'Centro de Formación Técnica Simón Bolivar', 'Centro de Formaci&oacute;n T&eacute;cnica Sim&oacute;n Bolivar', 2),
(253, 'Centro de Formación Técnica Teodoro Wickel Kluwen', 'Centro de Formaci&oacute;n T&eacute;cnica Teodoro Wickel Kluwen', 2),
(254, 'Centro de Formación Técnica U. VALPO', 'Centro de Formaci&oacute;n T&eacute;cnica U. VALPO', 2),
(255, 'Centro de Formación Técnica UCEVALPO', 'Centro de Formaci&oacute;n T&eacute;cnica UCEVALPO', 2),
(256, 'Centro de Formación Técnica UDA', 'Centro de Formaci&oacute;n T&eacute;cnica UDA', 2),
(310, 'Instituto Profesional de Artes Escénicas Karen Konnolly', 'Instituto Profesional de Artes Esc&eacute;nicas Karen Konnolly', 3),
(311, 'Instituto Profesional de Ciencias de la Computación Acuario Data', 'Instituto Profesional de Ciencias de la Computaci&oacute;n Acuario Data', 3),
(312, 'Instituto Profesional de Ciencias y Artes INCACEA', 'Instituto Profesional de Ciencias y Artes INCACEA', 3),
(313, 'Instituto Profesional de Ciencias y Educación Helen Keller', 'Instituto Profesional de Ciencias y Educaci&oacute;n Helen Keller', 3),
(314, 'Instituto Profesional de Chile', 'Instituto Profesional de Chile', 3),
(315, 'Instituto Profesional de ENAC', 'Instituto Profesional de ENAC', 3),
(316, 'Instituto Profesional de Los ángeles', 'Instituto Profesional de Los &Aacute;ngeles', 3),
(317, 'Instituto Profesional del Comercio', 'Instituto Profesional del Comercio', 3),
(318, 'Instituto Profesional del Valle Central', 'Instituto Profesional del Valle Central', 3),
(319, 'Instituto Profesional Diego Portales', 'Instituto Profesional Diego Portales', 3),
(320, 'Instituto Profesional Dr. Virginio Gómez G.', 'Instituto Profesional Dr. Virginio G&oacute;mez G.', 3),
(321, 'Instituto Profesional DUOC UC', 'Instituto Profesional DUOC UC', 3),
(322, 'Instituto Profesional EATRI Instituto Profesional', 'Instituto Profesional EATRI Instituto Profesional', 3),
(323, 'Instituto Profesional Escuela de Cine de Chile', 'Instituto Profesional Escuela de Cine de Chile', 3),
(324, 'Instituto Profesional Escuela de Contadores Auditores de Santiago', 'Instituto Profesional Escuela de Contadores Auditores de Santiago', 3),
(325, 'Instituto Profesional Escuela Moderna de Música', 'Instituto Profesional Escuela Moderna de M&uacute;sica', 3),
(326, 'Instituto Profesional ESUCOMEX', 'Instituto Profesional ESUCOMEX', 3),
(327, 'Instituto Profesional Hogar Catequístico', 'Instituto Profesional Hogar Catequ&iacute;stico', 3),
(328, 'Instituto Profesional INACAP', 'Instituto Profesional INACAP', 3),
(329, 'Instituto Profesional Instituto de Estudios Bancarios Guillermo Subercaseaux', 'Instituto Profesional Instituto de Estudios Bancarios Guillermo Subercaseaux', 3),
(330, 'Instituto Profesional Instituto Internacional de Artes Culinarias y Servicios', 'Instituto Profesional Instituto Internacional de Artes Culinarias y Servicios', 3),
(331, 'Instituto Profesional Instituto Nacional del Fútbol', 'Instituto Profesional Instituto Nacional del F&uacute;tbol', 3),
(332, 'Instituto Profesional Instituto Superior de Artes y Ciencias de la Comunicación', 'Instituto Profesional Instituto Superior de Artes y Ciencias de la Comunicaci&oacute;n', 3),
(333, 'Instituto Profesional IPG', 'Instituto Profesional IPG', 3),
(334, 'Instituto Profesional La Araucana', 'Instituto Profesional La Araucana', 3),
(335, 'Instituto Profesional Latinoamericano de Comercio Exterior', 'Instituto Profesional Latinoamericano de Comercio Exterior', 3),
(336, 'Instituto Profesional Libertador de Los Andes', 'Instituto Profesional Libertador de Los Andes', 3),
(337, 'Instituto Profesional Los Lagos', 'Instituto Profesional Los Lagos', 3),
(338, 'Instituto Profesional Los Leones', 'Instituto Profesional Los Leones', 3),
(339, 'Instituto Profesional Mar Futuro', 'Instituto Profesional Mar Futuro', 3),
(340, 'Instituto Profesional Projazz', 'Instituto Profesional Projazz', 3),
(341, 'Instituto Profesional Providencia', 'Instituto Profesional Providencia', 3),
(342, 'Instituto Profesional Santo Tomás', 'Instituto Profesional Santo Tom&aacute;s', 3),
(343, 'Instituto Profesional Vertical', 'Instituto Profesional Vertical', 3);

-- --------------------------------------------------------

--
-- Estructura de tabla para la tabla `junction_carreras_instituciones`
--

CREATE TABLE IF NOT EXISTS `junction_carreras_instituciones` (
  `id` int(11) NOT NULL,
  `institucion_ID` int(11) NOT NULL,
  `carrera_ID` int(11) NOT NULL,
  PRIMARY KEY (`id`)
) ENGINE=MyISAM DEFAULT CHARSET=latin1;

--
-- Volcado de datos para la tabla `junction_carreras_instituciones`
--

INSERT INTO `junction_carreras_instituciones` (`id`, `institucion_ID`, `carrera_ID`) VALUES
(1, 22, 160),
(2, 23, 130),
(3, 23, 143),
(4, 23, 145),
(5, 23, 158),
(6, 23, 177),
(7, 23, 187),
(8, 23, 196),
(9, 24, 158),
(10, 25, 130),
(11, 25, 131),
(12, 25, 134),
(13, 25, 142),
(14, 25, 147),
(15, 25, 167),
(16, 26, 155),
(17, 26, 158),
(18, 26, 162),
(19, 26, 165),
(20, 26, 168),
(21, 26, 172),
(22, 26, 177),
(23, 27, 177),
(24, 28, 130),
(25, 28, 158),
(26, 28, 173),
(27, 212, 158),
(28, 213, 126),
(29, 213, 130),
(30, 214, 124),
(31, 215, 126),
(32, 215, 158),
(33, 215, 166),
(34, 215, 184),
(35, 215, 187),
(36, 217, 126),
(37, 217, 135),
(38, 217, 196),
(39, 218, 177),
(40, 218, 191),
(41, 218, 198),
(42, 219, 122),
(43, 219, 130),
(44, 219, 131),
(45, 219, 132),
(46, 219, 134),
(47, 219, 138),
(48, 219, 142),
(49, 219, 148),
(50, 219, 161),
(51, 219, 167),
(52, 219, 194),
(53, 219, 196),
(54, 220, 126),
(55, 220, 148),
(56, 224, 177),
(57, 227, 158),
(58, 227, 194),
(59, 228, 122),
(60, 228, 126),
(61, 228, 128),
(62, 228, 130),
(63, 228, 132),
(64, 228, 147),
(65, 228, 158),
(66, 228, 161),
(67, 228, 169),
(68, 228, 171),
(69, 228, 177),
(70, 228, 190),
(71, 228, 196),
(72, 229, 125),
(73, 229, 126),
(74, 229, 128),
(75, 229, 130),
(76, 229, 132),
(77, 229, 136),
(78, 229, 138),
(79, 229, 141),
(80, 229, 142),
(81, 229, 143),
(82, 229, 145),
(83, 229, 147),
(84, 229, 149),
(85, 229, 150),
(86, 229, 151),
(87, 229, 152),
(88, 229, 155),
(89, 229, 157),
(90, 229, 158),
(91, 229, 159),
(92, 229, 161),
(93, 229, 164),
(94, 229, 165),
(95, 229, 166),
(96, 229, 167),
(97, 229, 168),
(98, 229, 171),
(99, 229, 172),
(100, 229, 173),
(101, 229, 177),
(102, 229, 178),
(103, 229, 180),
(104, 229, 183),
(105, 229, 185),
(106, 229, 190),
(107, 229, 192),
(108, 229, 194),
(109, 229, 195),
(110, 229, 196),
(111, 230, 126),
(112, 230, 130),
(113, 230, 158),
(114, 230, 173),
(115, 230, 177),
(116, 231, 120),
(117, 231, 122),
(118, 233, 126),
(119, 233, 158),
(120, 233, 196),
(121, 234, 130),
(122, 234, 132),
(123, 234, 158),
(124, 234, 177),
(125, 235, 126),
(126, 235, 155),
(127, 235, 158),
(128, 235, 177),
(129, 235, 187),
(130, 236, 126),
(131, 236, 192),
(132, 237, 126),
(133, 237, 130),
(134, 237, 132),
(135, 237, 147),
(136, 237, 167),
(137, 237, 174),
(138, 237, 177),
(139, 240, 121),
(140, 240, 194),
(141, 240, 197),
(142, 241, 132),
(143, 241, 135),
(144, 241, 151),
(145, 241, 172),
(146, 241, 177),
(147, 243, 128),
(148, 243, 130),
(149, 243, 158),
(150, 244, 120),
(151, 244, 130),
(152, 245, 145),
(153, 245, 158),
(154, 245, 196),
(155, 246, 122),
(156, 246, 126),
(157, 247, 126),
(158, 247, 158),
(159, 248, 158),
(160, 250, 126),
(161, 250, 130),
(162, 250, 145),
(163, 250, 146),
(164, 251, 124),
(165, 251, 125),
(166, 251, 126),
(167, 251, 127),
(168, 251, 128),
(169, 251, 129),
(170, 251, 130),
(171, 251, 145),
(172, 251, 147),
(173, 251, 158),
(174, 251, 161),
(175, 251, 166),
(176, 251, 176),
(177, 251, 177),
(178, 251, 192),
(179, 251, 196),
(180, 251, 197),
(181, 252, 120),
(182, 252, 126),
(183, 252, 130),
(184, 252, 138),
(185, 252, 139),
(186, 252, 142),
(187, 252, 143),
(188, 252, 147),
(189, 252, 158),
(190, 252, 165),
(191, 252, 196),
(192, 253, 128),
(193, 253, 130),
(194, 254, 158),
(195, 255, 130),
(196, 255, 145),
(197, 255, 177),
(198, 256, 162),
(199, 256, 172),
(200, 32, 34),
(201, 33, 2),
(202, 33, 17),
(203, 33, 18),
(204, 33, 23),
(205, 33, 24),
(206, 33, 56),
(207, 33, 71),
(208, 33, 76),
(209, 33, 112),
(210, 33, 113),
(211, 33, 125),
(212, 33, 126),
(213, 33, 128),
(214, 33, 130),
(215, 33, 138),
(216, 33, 143),
(217, 33, 145),
(218, 33, 147),
(219, 33, 149),
(220, 33, 150),
(221, 33, 153),
(222, 33, 154),
(223, 33, 158),
(224, 33, 166),
(225, 33, 169),
(226, 33, 175),
(227, 33, 177),
(228, 33, 186),
(229, 33, 187),
(230, 33, 188),
(231, 33, 192),
(232, 33, 194),
(233, 33, 196),
(234, 33, 197),
(235, 33, 201),
(236, 35, 140),
(237, 36, 78),
(238, 36, 132),
(239, 37, 106),
(240, 39, 24),
(241, 39, 30),
(242, 39, 160),
(243, 313, 100),
(244, 314, 2),
(245, 314, 5),
(246, 314, 18),
(247, 314, 55),
(248, 314, 56),
(249, 314, 57),
(250, 314, 71),
(251, 314, 85),
(252, 314, 92),
(253, 314, 98),
(254, 314, 99),
(255, 314, 112),
(256, 314, 113),
(257, 314, 119),
(258, 314, 126),
(259, 314, 128),
(260, 314, 130),
(261, 314, 132),
(262, 314, 138),
(263, 314, 145),
(264, 314, 147),
(265, 314, 149),
(266, 314, 155),
(267, 314, 158),
(268, 314, 161),
(269, 314, 171),
(270, 314, 196),
(271, 314, 201),
(272, 315, 99),
(273, 316, 100),
(274, 318, 17),
(275, 318, 71),
(276, 318, 99),
(277, 318, 105),
(278, 318, 106),
(279, 318, 112),
(280, 318, 126),
(281, 318, 128),
(282, 318, 130),
(283, 318, 158),
(284, 318, 177),
(285, 318, 187),
(286, 318, 191),
(287, 318, 198),
(288, 318, 201),
(289, 319, 2),
(290, 319, 17),
(291, 319, 18),
(292, 319, 56),
(293, 319, 71),
(294, 319, 99),
(295, 319, 158),
(296, 319, 177),
(297, 319, 201),
(298, 320, 2),
(299, 320, 18),
(300, 320, 24),
(301, 320, 58),
(302, 320, 61),
(303, 320, 83),
(304, 320, 119),
(305, 320, 127),
(306, 320, 71),
(307, 320, 128),
(308, 320, 130),
(309, 320, 134),
(310, 320, 138),
(311, 320, 142),
(312, 320, 143),
(313, 320, 145),
(314, 320, 154),
(315, 320, 155),
(316, 320, 156),
(317, 320, 158),
(318, 320, 165),
(319, 321, 1),
(320, 321, 2),
(321, 321, 3),
(322, 321, 5),
(323, 321, 16),
(324, 321, 18),
(325, 321, 22),
(326, 321, 23),
(327, 321, 24),
(328, 321, 25),
(329, 321, 34),
(330, 321, 51),
(331, 321, 55),
(332, 321, 56),
(333, 321, 57),
(334, 321, 58),
(335, 321, 60),
(336, 321, 65),
(337, 321, 66),
(338, 321, 68),
(339, 321, 69),
(340, 321, 71),
(341, 321, 73),
(342, 321, 76),
(343, 321, 113),
(344, 321, 119),
(345, 321, 125),
(346, 321, 128),
(347, 321, 130),
(348, 321, 131),
(349, 321, 132),
(350, 321, 133),
(351, 321, 134),
(352, 321, 138),
(353, 321, 142),
(354, 321, 144),
(355, 321, 145),
(356, 321, 148),
(357, 321, 149),
(358, 321, 150),
(359, 321, 154),
(360, 321, 155),
(361, 321, 158),
(362, 321, 161),
(363, 321, 165),
(364, 321, 166),
(365, 321, 167),
(366, 321, 171),
(367, 321, 177),
(368, 321, 184),
(369, 321, 188),
(370, 321, 190),
(371, 321, 192),
(372, 321, 194),
(373, 321, 196),
(374, 321, 198),
(375, 322, 193),
(376, 322, 202),
(377, 324, 18),
(378, 325, 91),
(379, 326, 2),
(380, 326, 18),
(381, 326, 55),
(382, 326, 130),
(383, 326, 137),
(384, 326, 142),
(385, 326, 147),
(386, 326, 151),
(387, 327, 98),
(388, 327, 104),
(389, 328, 3),
(390, 328, 5),
(391, 328, 17),
(392, 328, 18),
(393, 328, 23),
(394, 328, 24),
(395, 328, 34),
(396, 328, 52),
(397, 328, 55),
(398, 328, 57),
(399, 328, 58),
(400, 328, 68),
(401, 328, 70),
(402, 328, 71),
(403, 328, 72),
(404, 328, 75),
(405, 328, 77),
(406, 328, 81),
(407, 328, 83),
(408, 328, 112),
(409, 328, 113),
(410, 328, 201),
(411, 328, 202),
(412, 329, 18),
(413, 329, 62),
(414, 329, 134),
(415, 329, 142),
(416, 330, 3),
(417, 331, 149),
(418, 332, 71),
(419, 332, 130),
(420, 333, 126),
(421, 333, 130),
(422, 333, 158),
(423, 333, 177),
(424, 334, 2),
(425, 334, 18),
(426, 334, 51),
(427, 334, 55),
(428, 334, 56),
(429, 334, 58),
(430, 334, 62),
(431, 334, 66),
(432, 334, 71),
(433, 334, 73),
(434, 334, 81),
(435, 334, 112),
(436, 334, 126),
(437, 334, 130),
(438, 334, 135),
(439, 334, 143),
(440, 334, 147),
(441, 334, 158),
(442, 334, 163),
(443, 334, 167),
(444, 334, 177),
(445, 334, 196),
(446, 334, 201),
(447, 335, 2),
(448, 335, 4),
(449, 335, 18),
(450, 335, 55),
(451, 335, 103),
(452, 335, 112),
(453, 335, 126),
(454, 335, 127),
(455, 335, 130),
(456, 335, 142),
(457, 335, 158),
(458, 335, 177),
(459, 335, 196),
(460, 336, 98),
(461, 336, 177),
(462, 336, 201),
(463, 337, 2),
(464, 337, 17),
(465, 337, 71),
(466, 337, 112),
(467, 337, 126),
(468, 337, 177),
(469, 338, 1),
(470, 338, 2),
(471, 338, 18),
(472, 338, 24),
(473, 338, 30),
(474, 338, 99),
(475, 338, 112),
(476, 338, 113),
(477, 338, 119),
(478, 338, 133),
(479, 338, 147),
(480, 338, 154),
(481, 338, 160),
(482, 338, 179),
(483, 338, 182),
(484, 338, 186),
(485, 338, 187),
(486, 338, 189),
(487, 338, 201),
(488, 341, 66),
(489, 341, 92),
(490, 341, 98),
(491, 341, 99),
(492, 341, 100),
(493, 341, 158),
(494, 341, 196),
(495, 341, 201),
(496, 342, 2),
(497, 342, 16),
(498, 342, 19),
(499, 342, 34),
(500, 342, 56),
(501, 342, 71),
(502, 342, 76),
(503, 342, 130),
(504, 342, 132),
(505, 342, 138),
(506, 342, 143),
(507, 342, 144),
(508, 342, 154),
(509, 342, 187),
(510, 342, 188),
(511, 342, 194),
(512, 342, 201),
(513, 11, 1),
(514, 11, 6),
(515, 11, 9),
(516, 11, 10),
(517, 11, 12),
(518, 11, 14),
(519, 11, 15),
(520, 11, 17),
(521, 11, 20),
(522, 11, 21),
(523, 11, 26),
(524, 11, 28),
(525, 11, 31),
(526, 11, 33),
(527, 11, 45),
(528, 11, 49),
(529, 11, 50),
(530, 11, 87),
(531, 11, 88),
(532, 11, 89),
(533, 11, 91),
(534, 11, 98),
(535, 11, 99),
(536, 11, 109),
(537, 11, 110),
(538, 11, 111),
(539, 11, 116),
(540, 11, 123),
(541, 11, 201),
(542, 12, 6),
(543, 12, 9),
(544, 12, 12),
(545, 12, 14),
(546, 12, 18),
(547, 12, 20),
(548, 12, 25),
(549, 12, 31),
(550, 12, 38),
(551, 12, 39),
(552, 12, 40),
(553, 12, 42),
(554, 12, 45),
(555, 12, 46),
(556, 12, 48),
(557, 12, 49),
(558, 12, 50),
(559, 12, 52),
(560, 12, 54),
(561, 12, 56),
(562, 12, 58),
(563, 12, 60),
(564, 12, 61),
(565, 12, 79),
(566, 12, 85),
(567, 12, 97),
(568, 12, 98),
(569, 12, 99),
(570, 12, 100),
(571, 12, 101),
(572, 12, 104),
(573, 12, 105),
(574, 12, 106),
(575, 12, 107),
(576, 12, 108),
(577, 12, 109),
(578, 12, 111),
(579, 12, 115),
(580, 12, 201),
(581, 12, 202),
(582, 13, 4),
(583, 13, 20),
(584, 13, 33),
(585, 13, 64),
(586, 13, 91),
(587, 13, 98),
(588, 13, 100),
(589, 13, 105),
(590, 13, 109),
(591, 13, 111),
(592, 13, 118),
(593, 13, 123),
(594, 13, 201),
(595, 14, 20),
(596, 14, 45),
(597, 14, 50),
(598, 14, 109),
(599, 15, 26),
(600, 15, 96),
(601, 15, 98),
(602, 15, 101),
(603, 15, 106),
(604, 15, 158),
(605, 16, 15),
(606, 16, 20),
(607, 16, 33),
(608, 16, 50),
(609, 16, 87),
(610, 16, 98),
(611, 16, 105),
(612, 16, 106),
(613, 16, 107),
(614, 16, 109),
(615, 16, 111),
(616, 16, 123),
(617, 16, 201),
(618, 17, 2),
(619, 17, 5),
(620, 17, 9),
(621, 17, 18),
(622, 17, 20),
(623, 17, 24),
(624, 17, 26),
(625, 17, 29),
(626, 17, 33),
(627, 17, 45),
(628, 17, 50),
(629, 17, 53),
(630, 17, 56),
(631, 17, 58),
(632, 17, 71),
(633, 17, 81),
(634, 17, 82),
(635, 17, 85),
(636, 17, 89),
(637, 17, 90),
(638, 17, 92),
(639, 17, 94),
(640, 17, 98),
(641, 17, 99),
(642, 17, 101),
(643, 17, 106),
(644, 17, 109),
(645, 17, 110),
(646, 17, 111),
(647, 17, 112),
(648, 17, 113),
(649, 17, 116),
(650, 17, 199),
(651, 17, 200),
(652, 17, 201),
(653, 18, 2),
(654, 18, 18),
(655, 18, 26),
(656, 18, 42),
(657, 18, 45),
(658, 18, 50),
(659, 18, 55),
(660, 18, 59),
(661, 18, 65),
(662, 18, 71),
(663, 18, 81),
(664, 18, 98),
(665, 18, 99),
(666, 18, 101),
(667, 18, 105),
(668, 18, 111),
(669, 18, 116),
(670, 18, 123),
(671, 18, 130),
(672, 18, 158),
(673, 18, 177),
(674, 18, 193),
(675, 18, 196),
(676, 18, 201),
(677, 19, 5),
(678, 19, 6),
(679, 19, 8),
(680, 19, 9),
(681, 19, 10),
(682, 19, 12),
(683, 19, 13),
(684, 19, 14),
(685, 19, 18),
(686, 19, 20),
(687, 19, 26),
(688, 19, 29),
(689, 19, 42),
(690, 19, 44),
(691, 19, 45),
(692, 19, 50),
(693, 19, 51),
(694, 19, 52),
(695, 19, 58),
(696, 19, 61),
(697, 19, 74),
(698, 19, 80),
(699, 19, 84),
(700, 19, 89),
(701, 19, 90),
(702, 19, 93),
(703, 19, 94),
(704, 19, 101),
(705, 19, 105),
(706, 19, 106),
(707, 19, 107),
(708, 19, 109),
(709, 19, 111),
(710, 19, 116),
(711, 19, 199),
(712, 19, 200),
(713, 110, 2),
(714, 110, 18),
(715, 110, 20),
(716, 110, 26),
(717, 110, 29),
(718, 110, 45),
(719, 110, 50),
(720, 110, 56),
(721, 110, 58),
(722, 110, 85),
(723, 110, 92),
(724, 110, 93),
(725, 110, 98),
(726, 110, 99),
(727, 110, 101),
(728, 110, 105),
(729, 110, 106),
(730, 110, 107),
(731, 110, 111),
(732, 110, 130),
(733, 110, 200),
(734, 110, 201),
(735, 111, 20),
(736, 111, 71),
(737, 111, 98),
(738, 111, 101),
(739, 111, 105),
(740, 111, 106),
(741, 111, 111),
(742, 112, 4),
(743, 112, 20),
(744, 112, 71),
(745, 112, 98),
(746, 112, 101),
(747, 112, 111),
(748, 112, 158),
(749, 112, 177),
(750, 112, 201),
(751, 113, 18),
(752, 113, 50),
(753, 113, 96),
(754, 113, 98),
(755, 113, 99),
(756, 113, 100),
(757, 113, 101),
(758, 113, 105),
(759, 113, 106),
(760, 113, 107),
(761, 113, 108),
(762, 113, 111),
(763, 113, 201),
(764, 114, 2),
(765, 114, 13),
(766, 114, 18),
(767, 114, 20),
(768, 114, 26),
(769, 114, 45),
(770, 114, 49),
(771, 114, 50),
(772, 114, 81),
(773, 114, 89),
(774, 114, 92),
(775, 114, 97),
(776, 114, 98),
(777, 114, 99),
(778, 114, 100),
(779, 114, 104),
(780, 114, 106),
(781, 114, 107),
(782, 114, 109),
(783, 114, 126),
(784, 114, 158),
(785, 114, 177),
(786, 114, 201),
(787, 115, 6),
(788, 115, 10),
(789, 115, 20),
(790, 115, 42),
(791, 115, 51),
(792, 115, 90),
(793, 115, 97),
(794, 115, 98),
(795, 115, 99),
(796, 115, 100),
(797, 115, 106),
(798, 115, 107),
(799, 115, 108),
(800, 115, 201),
(801, 116, 2),
(802, 116, 6),
(803, 116, 18),
(804, 116, 26),
(805, 116, 42),
(806, 116, 58),
(807, 116, 85),
(808, 116, 89),
(809, 116, 97),
(810, 116, 98),
(811, 116, 99),
(812, 116, 100),
(813, 116, 101),
(814, 116, 104),
(815, 116, 106),
(816, 116, 108),
(817, 116, 111),
(818, 116, 201),
(819, 117, 9),
(820, 117, 18),
(821, 117, 20),
(822, 117, 26),
(823, 117, 32),
(824, 117, 37),
(825, 117, 42),
(826, 117, 45),
(827, 117, 49),
(828, 117, 50),
(829, 117, 58),
(830, 117, 70),
(831, 117, 71),
(832, 117, 85),
(833, 117, 86),
(834, 117, 89),
(835, 117, 98),
(836, 117, 106),
(837, 117, 109),
(838, 117, 111),
(839, 117, 116),
(840, 118, 2),
(841, 118, 4),
(842, 118, 9),
(843, 118, 15),
(844, 118, 18),
(845, 118, 20),
(846, 118, 42),
(847, 118, 44),
(848, 118, 45),
(849, 118, 50),
(850, 118, 58),
(851, 118, 98),
(852, 118, 99),
(853, 118, 100),
(854, 118, 101),
(855, 118, 106),
(856, 118, 111),
(857, 118, 113),
(858, 118, 201),
(859, 119, 202),
(860, 120, 6),
(861, 120, 18),
(862, 120, 26),
(863, 120, 43),
(864, 120, 45),
(865, 120, 50),
(866, 120, 58),
(867, 120, 71),
(868, 120, 81),
(869, 120, 98),
(870, 120, 99),
(871, 120, 111),
(872, 120, 158),
(873, 120, 173),
(874, 120, 177),
(875, 121, 2),
(876, 121, 4),
(877, 121, 24),
(878, 121, 26),
(879, 121, 45),
(880, 121, 70),
(881, 121, 85),
(882, 121, 89),
(883, 121, 93),
(884, 121, 94),
(885, 121, 97),
(886, 121, 98),
(887, 121, 99),
(888, 121, 100),
(889, 121, 101),
(890, 121, 107),
(891, 121, 173),
(892, 121, 199),
(893, 121, 201),
(894, 122, 10),
(895, 122, 20),
(896, 122, 98),
(897, 122, 99),
(898, 122, 105),
(899, 122, 108),
(900, 122, 109),
(901, 122, 111),
(902, 122, 123),
(903, 122, 126),
(904, 122, 201),
(905, 123, 1),
(906, 123, 9),
(907, 123, 16),
(908, 123, 20),
(909, 123, 50),
(910, 123, 91),
(911, 123, 111),
(912, 123, 113),
(913, 124, 45),
(914, 124, 130),
(915, 124, 165),
(916, 124, 173),
(917, 125, 6),
(918, 125, 7),
(919, 125, 8),
(920, 125, 9),
(921, 125, 10),
(922, 125, 12),
(923, 125, 13),
(924, 125, 14),
(925, 125, 15),
(926, 125, 18),
(927, 125, 20),
(928, 125, 26),
(929, 125, 28),
(930, 125, 29),
(931, 125, 32),
(932, 125, 35),
(933, 125, 39),
(934, 125, 40),
(935, 125, 42),
(936, 125, 45),
(937, 125, 46),
(938, 125, 47),
(939, 125, 48),
(940, 125, 49),
(941, 125, 50),
(942, 125, 54),
(943, 125, 69),
(944, 125, 80),
(945, 125, 85),
(946, 125, 89),
(947, 125, 90),
(948, 125, 92),
(949, 125, 93),
(950, 125, 94),
(951, 125, 96),
(952, 125, 97),
(953, 125, 98),
(954, 125, 99),
(955, 125, 100),
(956, 125, 101),
(957, 125, 104),
(958, 125, 105),
(959, 125, 106),
(960, 125, 107),
(961, 125, 108),
(962, 125, 109),
(963, 125, 111),
(964, 125, 116),
(965, 125, 123),
(966, 125, 199),
(967, 125, 201),
(968, 125, 202),
(969, 126, 4),
(970, 126, 6),
(971, 126, 8),
(972, 126, 9),
(973, 126, 10),
(974, 126, 12),
(975, 126, 14),
(976, 126, 20),
(977, 126, 21),
(978, 126, 26),
(979, 126, 27),
(980, 126, 28),
(981, 126, 29),
(982, 126, 31),
(983, 126, 32),
(984, 126, 33),
(985, 126, 39),
(986, 126, 41),
(987, 126, 42),
(988, 126, 43),
(989, 126, 45),
(990, 126, 46),
(991, 126, 49),
(992, 126, 50),
(993, 126, 52),
(994, 126, 54),
(995, 126, 59),
(996, 126, 74),
(997, 126, 80),
(998, 126, 85),
(999, 126, 87),
(1000, 126, 89),
(1001, 126, 90),
(1002, 126, 92),
(1003, 126, 93),
(1004, 126, 94),
(1005, 126, 97),
(1006, 126, 102),
(1007, 126, 109),
(1008, 126, 111),
(1009, 126, 114),
(1010, 126, 116),
(1011, 126, 117),
(1012, 126, 118),
(1013, 126, 123),
(1014, 126, 199),
(1015, 126, 200),
(1016, 127, 6),
(1017, 127, 18),
(1018, 127, 26),
(1019, 127, 29),
(1020, 127, 45),
(1021, 127, 50),
(1022, 127, 52),
(1023, 127, 56),
(1024, 127, 58),
(1025, 127, 83),
(1026, 127, 85),
(1027, 127, 89),
(1028, 127, 92),
(1029, 127, 93),
(1030, 127, 94),
(1031, 127, 97),
(1032, 127, 101),
(1033, 127, 105),
(1034, 127, 107),
(1035, 127, 108),
(1036, 127, 109),
(1037, 127, 111),
(1038, 127, 123),
(1039, 127, 199),
(1040, 127, 201),
(1041, 128, 5),
(1042, 128, 6),
(1043, 128, 7),
(1044, 128, 9),
(1045, 128, 18),
(1046, 128, 21),
(1047, 128, 26),
(1048, 128, 43),
(1049, 128, 45),
(1050, 128, 46),
(1051, 128, 49),
(1052, 128, 50),
(1053, 128, 52),
(1054, 128, 58),
(1055, 128, 70),
(1056, 128, 83),
(1057, 128, 97),
(1058, 128, 98),
(1059, 128, 99),
(1060, 128, 100),
(1061, 128, 105),
(1062, 128, 106),
(1063, 128, 107),
(1064, 128, 108),
(1065, 128, 109),
(1066, 128, 111),
(1067, 129, 1),
(1068, 129, 2),
(1069, 129, 6),
(1070, 129, 9),
(1071, 129, 17),
(1072, 129, 18),
(1073, 129, 20),
(1074, 129, 26),
(1075, 129, 42),
(1076, 129, 45),
(1077, 129, 50),
(1078, 129, 56),
(1079, 129, 81),
(1080, 129, 85),
(1081, 129, 90),
(1082, 129, 91),
(1083, 129, 92),
(1084, 129, 98),
(1085, 129, 99),
(1086, 129, 101),
(1087, 129, 105),
(1088, 129, 106),
(1089, 129, 109),
(1090, 129, 111),
(1091, 129, 113),
(1092, 129, 119),
(1093, 129, 130),
(1094, 129, 132),
(1095, 129, 143),
(1096, 129, 149),
(1097, 129, 158),
(1098, 129, 202),
(1099, 130, 2),
(1100, 130, 20),
(1101, 130, 26),
(1102, 130, 44),
(1103, 130, 45),
(1104, 130, 50),
(1105, 130, 89),
(1106, 130, 94),
(1107, 130, 98),
(1108, 130, 99),
(1109, 130, 109),
(1110, 130, 111),
(1111, 131, 2),
(1112, 131, 9),
(1113, 131, 18),
(1114, 131, 51),
(1115, 131, 52),
(1116, 131, 56),
(1117, 131, 64),
(1118, 131, 71),
(1119, 131, 81),
(1120, 131, 92),
(1121, 131, 95),
(1122, 131, 98),
(1123, 131, 99),
(1124, 131, 100),
(1125, 131, 101),
(1126, 131, 105),
(1127, 131, 106),
(1128, 131, 107),
(1129, 131, 126),
(1130, 131, 130),
(1131, 131, 143),
(1132, 131, 145),
(1133, 131, 177),
(1134, 132, 26),
(1135, 132, 50),
(1136, 132, 58),
(1137, 132, 85),
(1138, 132, 111),
(1139, 133, 11),
(1140, 133, 85),
(1141, 133, 92),
(1142, 133, 96),
(1143, 133, 97),
(1144, 133, 98),
(1145, 133, 99),
(1146, 133, 100),
(1147, 133, 101),
(1148, 133, 105),
(1149, 133, 106),
(1150, 133, 107),
(1151, 133, 108),
(1152, 133, 110),
(1153, 133, 200),
(1154, 134, 2),
(1155, 134, 4),
(1156, 134, 9),
(1157, 134, 14),
(1158, 134, 17),
(1159, 134, 18),
(1160, 134, 26),
(1161, 134, 39),
(1162, 134, 42),
(1163, 134, 43),
(1164, 134, 44),
(1165, 134, 45),
(1166, 134, 46),
(1167, 134, 47),
(1168, 134, 48),
(1169, 134, 50),
(1170, 134, 52),
(1171, 134, 56),
(1172, 134, 60),
(1173, 134, 63),
(1174, 134, 67),
(1175, 134, 69),
(1176, 134, 70),
(1177, 134, 72),
(1178, 134, 81),
(1179, 134, 83),
(1180, 134, 87),
(1181, 134, 89),
(1182, 134, 93),
(1183, 134, 97),
(1184, 134, 98),
(1185, 134, 101),
(1186, 134, 103),
(1187, 134, 105),
(1188, 134, 106),
(1189, 134, 107),
(1190, 134, 108),
(1191, 134, 109),
(1192, 134, 111),
(1193, 134, 113),
(1194, 134, 117),
(1195, 134, 165),
(1196, 134, 183),
(1197, 135, 6),
(1198, 135, 9),
(1199, 135, 18),
(1200, 135, 20),
(1201, 135, 21),
(1202, 135, 29),
(1203, 135, 42),
(1204, 135, 45),
(1205, 135, 50),
(1206, 135, 56),
(1207, 135, 85),
(1208, 135, 94),
(1209, 135, 111),
(1210, 135, 199),
(1211, 136, 6),
(1212, 136, 20),
(1213, 136, 26),
(1214, 136, 42),
(1215, 136, 45),
(1216, 136, 46),
(1217, 136, 50),
(1218, 136, 59),
(1219, 136, 83),
(1220, 136, 85),
(1221, 136, 93),
(1222, 136, 98),
(1223, 136, 99),
(1224, 136, 101),
(1225, 136, 111),
(1226, 136, 199),
(1227, 136, 201),
(1228, 137, 2),
(1229, 137, 4),
(1230, 137, 5),
(1231, 137, 9),
(1232, 137, 18),
(1233, 137, 20),
(1234, 137, 21),
(1235, 137, 26),
(1236, 137, 29),
(1237, 137, 45),
(1238, 137, 50),
(1239, 137, 58),
(1240, 137, 69),
(1241, 137, 85),
(1242, 137, 88),
(1243, 137, 89),
(1244, 137, 92),
(1245, 137, 93),
(1246, 137, 94),
(1247, 137, 99),
(1248, 137, 104),
(1249, 137, 105),
(1250, 137, 111),
(1251, 137, 116),
(1252, 137, 118),
(1253, 137, 123),
(1254, 137, 199),
(1255, 137, 201),
(1256, 138, 2),
(1257, 138, 9),
(1258, 138, 18),
(1259, 138, 45),
(1260, 138, 50),
(1261, 138, 56),
(1262, 138, 58),
(1263, 138, 85),
(1264, 138, 90),
(1265, 138, 96),
(1266, 138, 98),
(1267, 138, 101),
(1268, 138, 105),
(1269, 138, 109),
(1270, 138, 111),
(1271, 138, 119),
(1272, 138, 130),
(1273, 138, 143),
(1274, 138, 158),
(1275, 138, 177),
(1276, 139, 2),
(1277, 139, 9),
(1278, 139, 18),
(1279, 139, 24),
(1280, 139, 25),
(1281, 139, 26),
(1282, 139, 29),
(1283, 139, 42),
(1284, 139, 45),
(1285, 139, 49),
(1286, 139, 50),
(1287, 139, 56),
(1288, 139, 58),
(1289, 139, 60),
(1290, 139, 61),
(1291, 139, 83),
(1292, 139, 92),
(1293, 139, 97),
(1294, 139, 98),
(1295, 139, 99),
(1296, 139, 101),
(1297, 139, 105),
(1298, 139, 106),
(1299, 139, 107),
(1300, 139, 108),
(1301, 139, 111),
(1302, 139, 130),
(1303, 139, 201),
(1304, 140, 9),
(1305, 140, 15),
(1306, 140, 20),
(1307, 140, 21),
(1308, 140, 26),
(1309, 140, 29),
(1310, 140, 45),
(1311, 140, 50),
(1312, 140, 85),
(1313, 140, 89),
(1314, 140, 92),
(1315, 140, 94),
(1316, 140, 98),
(1317, 140, 109),
(1318, 140, 110),
(1319, 140, 111),
(1320, 140, 113),
(1321, 141, 2),
(1322, 141, 6),
(1323, 141, 18),
(1324, 141, 20),
(1325, 141, 26),
(1326, 141, 29),
(1327, 141, 45),
(1328, 141, 50),
(1329, 141, 71),
(1330, 141, 82),
(1331, 141, 85),
(1332, 141, 89),
(1333, 141, 92),
(1334, 141, 98),
(1335, 141, 99),
(1336, 141, 100),
(1337, 141, 101),
(1338, 141, 105),
(1339, 141, 106),
(1340, 141, 109),
(1341, 141, 111),
(1342, 141, 130),
(1343, 141, 155),
(1344, 141, 158),
(1345, 141, 177),
(1346, 141, 201),
(1347, 142, 16),
(1348, 142, 18),
(1349, 142, 23),
(1350, 142, 24),
(1351, 142, 26),
(1352, 142, 50),
(1353, 142, 98),
(1354, 142, 99),
(1355, 142, 101),
(1356, 142, 105),
(1357, 142, 109),
(1358, 142, 111),
(1359, 142, 113),
(1360, 142, 119),
(1361, 142, 179),
(1362, 142, 201),
(1363, 143, 9),
(1364, 143, 15),
(1365, 143, 18),
(1366, 143, 20),
(1367, 143, 21),
(1368, 143, 26),
(1369, 143, 33),
(1370, 143, 42),
(1371, 143, 44),
(1372, 143, 45),
(1373, 143, 50),
(1374, 143, 56),
(1375, 143, 62),
(1376, 143, 66),
(1377, 143, 87),
(1378, 143, 89),
(1379, 143, 94),
(1380, 143, 98),
(1381, 143, 99),
(1382, 143, 105),
(1383, 143, 109),
(1384, 143, 111),
(1385, 143, 113),
(1386, 143, 123),
(1387, 143, 199),
(1388, 144, 9),
(1389, 144, 10),
(1390, 144, 20),
(1391, 144, 21),
(1392, 144, 50),
(1393, 144, 85),
(1394, 144, 89),
(1395, 144, 92),
(1396, 144, 94),
(1397, 144, 102),
(1398, 144, 109),
(1399, 145, 2),
(1400, 145, 24),
(1401, 145, 45),
(1402, 145, 50),
(1403, 146, 6),
(1404, 146, 18),
(1405, 146, 26),
(1406, 146, 85),
(1407, 146, 90),
(1408, 148, 20),
(1409, 148, 26),
(1410, 148, 85),
(1411, 148, 100),
(1412, 149, 100),
(1413, 150, 1),
(1414, 150, 2),
(1415, 150, 6),
(1416, 150, 9),
(1417, 150, 16),
(1418, 150, 20),
(1419, 150, 24),
(1420, 150, 26),
(1421, 150, 29),
(1422, 150, 40),
(1423, 150, 45),
(1424, 150, 50),
(1425, 150, 56),
(1426, 150, 61),
(1427, 150, 81),
(1428, 150, 85),
(1429, 150, 89),
(1430, 150, 90),
(1431, 150, 92),
(1432, 150, 93),
(1433, 150, 94),
(1434, 150, 96),
(1435, 150, 98),
(1436, 150, 100),
(1437, 150, 101),
(1438, 150, 106),
(1439, 150, 111),
(1440, 150, 199),
(1441, 150, 200),
(1442, 151, 85),
(1443, 151, 96),
(1444, 151, 97),
(1445, 151, 98),
(1446, 151, 99),
(1447, 151, 100),
(1448, 151, 101),
(1449, 151, 104),
(1450, 151, 105),
(1451, 151, 106),
(1452, 151, 107),
(1453, 151, 108),
(1454, 153, 20),
(1455, 153, 26),
(1456, 153, 29),
(1457, 153, 50),
(1458, 153, 85),
(1459, 153, 99),
(1460, 153, 101),
(1461, 153, 111),
(1462, 154, 20),
(1463, 154, 26),
(1464, 154, 29),
(1465, 154, 45),
(1466, 154, 50),
(1467, 154, 85),
(1468, 154, 89),
(1469, 154, 90),
(1470, 154, 92),
(1471, 154, 94),
(1472, 154, 98),
(1473, 154, 99),
(1474, 154, 100),
(1475, 154, 101),
(1476, 154, 105),
(1477, 154, 106),
(1478, 154, 107),
(1479, 154, 111),
(1480, 154, 158),
(1481, 154, 199),
(1482, 154, 201),
(1483, 155, 6),
(1484, 155, 18),
(1485, 155, 20),
(1486, 155, 24),
(1487, 155, 26),
(1488, 155, 50),
(1489, 155, 85),
(1490, 155, 90),
(1491, 155, 98),
(1492, 155, 99),
(1493, 155, 100),
(1494, 155, 101),
(1495, 155, 106),
(1496, 155, 109),
(1497, 155, 111),
(1498, 155, 119),
(1499, 155, 201),
(1500, 156, 111),
(1501, 157, 9),
(1502, 157, 17),
(1503, 157, 40),
(1504, 157, 42),
(1505, 157, 45),
(1506, 157, 46),
(1507, 157, 48),
(1508, 157, 49),
(1509, 157, 50),
(1510, 157, 53),
(1511, 157, 56),
(1512, 157, 58),
(1513, 157, 71),
(1514, 157, 72),
(1515, 157, 81),
(1516, 157, 83),
(1517, 157, 136),
(1518, 157, 143),
(1519, 157, 145),
(1520, 157, 155),
(1521, 157, 157),
(1522, 157, 168),
(1523, 157, 170),
(1524, 157, 171),
(1525, 157, 172),
(1526, 157, 177),
(1527, 157, 181),
(1528, 157, 183),
(1529, 158, 2),
(1530, 158, 18),
(1531, 158, 39),
(1532, 158, 42),
(1533, 158, 50),
(1534, 158, 53),
(1535, 158, 56),
(1536, 158, 58),
(1537, 158, 60),
(1538, 158, 61),
(1539, 158, 76),
(1540, 158, 92),
(1541, 158, 96),
(1542, 158, 112),
(1543, 158, 188),
(1544, 158, 201),
(1545, 158, 202),
(1546, 159, 5),
(1547, 159, 9),
(1548, 159, 18),
(1549, 159, 19),
(1550, 159, 24),
(1551, 159, 42),
(1552, 159, 45),
(1553, 159, 50),
(1554, 159, 52),
(1555, 159, 55),
(1556, 159, 56),
(1557, 159, 58),
(1558, 159, 61),
(1559, 159, 71),
(1560, 159, 72),
(1561, 159, 81),
(1562, 159, 83),
(1563, 159, 98),
(1564, 159, 115),
(1565, 159, 201),
(1566, 160, 20),
(1567, 160, 56),
(1568, 160, 98),
(1569, 160, 99),
(1570, 160, 100),
(1571, 160, 101),
(1572, 160, 111),
(1573, 160, 112),
(1574, 160, 132),
(1575, 160, 138),
(1576, 160, 149),
(1577, 160, 201),
(1578, 160, 202);

-- --------------------------------------------------------

--
-- Estructura de tabla para la tabla `junction_docentes_carreras`
--

CREATE TABLE IF NOT EXISTS `junction_docentes_carreras` (
  `id` int(11) NOT NULL AUTO_INCREMENT,
  `docente_ID` int(11) NOT NULL,
  `carrera_ID` int(11) NOT NULL,
  PRIMARY KEY (`id`)
) ENGINE=MyISAM  DEFAULT CHARSET=latin1 AUTO_INCREMENT=4 ;

--
-- Volcado de datos para la tabla `junction_docentes_carreras`
--

INSERT INTO `junction_docentes_carreras` (`id`, `docente_ID`, `carrera_ID`) VALUES
(1, 1, 56),
(2, 2, 56),
(3, 3, 56);

-- --------------------------------------------------------

--
-- Estructura de tabla para la tabla `junction_ramos_carreras`
--

CREATE TABLE IF NOT EXISTS `junction_ramos_carreras` (
  `id` int(11) NOT NULL AUTO_INCREMENT,
  `carrera_ID` int(11) NOT NULL,
  `ramo_ID` int(11) NOT NULL,
  `institucion_ID` int(11) NOT NULL,
  PRIMARY KEY (`id`)
) ENGINE=MyISAM  DEFAULT CHARSET=latin1 AUTO_INCREMENT=48 ;

--
-- Volcado de datos para la tabla `junction_ramos_carreras`
--

INSERT INTO `junction_ramos_carreras` (`id`, `carrera_ID`, `ramo_ID`, `institucion_ID`) VALUES
(1, 56, 1, 158),
(2, 56, 2, 158),
(3, 56, 3, 158),
(4, 56, 4, 158),
(5, 56, 5, 158),
(6, 56, 6, 158),
(7, 56, 7, 158),
(8, 56, 8, 158),
(9, 56, 9, 158),
(10, 56, 10, 158),
(11, 56, 11, 158),
(12, 56, 12, 158),
(13, 56, 13, 158),
(14, 56, 14, 158),
(15, 56, 15, 158),
(16, 56, 16, 158),
(17, 56, 17, 158),
(18, 56, 18, 158),
(19, 56, 19, 158),
(20, 56, 20, 158),
(21, 56, 21, 158),
(22, 56, 22, 158),
(23, 56, 23, 158),
(24, 56, 24, 158),
(25, 56, 25, 158),
(26, 56, 26, 158),
(27, 56, 27, 158),
(28, 56, 28, 158),
(29, 56, 29, 158),
(30, 56, 30, 158),
(31, 56, 31, 158),
(32, 56, 32, 158),
(33, 56, 33, 158),
(34, 56, 34, 158),
(35, 56, 35, 158),
(36, 56, 36, 158),
(37, 56, 37, 158),
(38, 56, 38, 158),
(39, 56, 39, 158),
(40, 56, 40, 158),
(41, 56, 41, 158),
(42, 56, 42, 158),
(43, 56, 43, 158),
(44, 56, 44, 158),
(45, 56, 45, 158),
(46, 56, 46, 158),
(47, 56, 47, 158);

-- --------------------------------------------------------

--
-- Estructura de tabla para la tabla `junction_ramos_docentes`
--

CREATE TABLE IF NOT EXISTS `junction_ramos_docentes` (
  `id` int(11) NOT NULL AUTO_INCREMENT,
  `ramo_ID` int(11) NOT NULL,
  `docente_ID` int(11) NOT NULL,
  PRIMARY KEY (`id`)
) ENGINE=MyISAM  DEFAULT CHARSET=latin1 AUTO_INCREMENT=85 ;

--
-- Volcado de datos para la tabla `junction_ramos_docentes`
--

INSERT INTO `junction_ramos_docentes` (`id`, `ramo_ID`, `docente_ID`) VALUES
(1, 22, 1),
(2, 28, 1),
(5, 2, 9),
(6, 2, 10),
(7, 2, 30),
(8, 34, 11),
(9, 31, 14),
(10, 19, 42),
(11, 19, 23),
(12, 19, 24),
(13, 19, 41),
(14, 19, 25),
(15, 41, 12),
(16, 29, 17),
(17, 29, 12),
(18, 9, 9),
(19, 9, 37),
(20, 9, 36),
(21, 9, 38),
(22, 37, 4),
(23, 35, 5),
(24, 3, 18),
(25, 3, 36),
(26, 33, 26),
(27, 33, 35),
(28, 33, 21),
(29, 40, 40),
(30, 40, 21),
(31, 26, 32),
(32, 26, 13),
(33, 26, 11),
(34, 25, 13),
(35, 25, 35),
(36, 25, 11),
(37, 6, 29),
(38, 6, 6),
(39, 6, 7),
(40, 12, 8),
(41, 12, 29),
(42, 12, 6),
(43, 12, 7),
(44, 18, 8),
(45, 18, 29),
(46, 18, 6),
(47, 18, 7),
(48, 24, 6),
(49, 24, 7),
(50, 32, 7),
(51, 30, 8),
(52, 30, 6),
(53, 30, 7),
(54, 1, 33),
(55, 1, 15),
(56, 1, 14),
(57, 1, 4),
(58, 1, 22),
(59, 7, 33),
(60, 7, 34),
(61, 7, 15),
(62, 7, 14),
(63, 7, 4),
(64, 27, 43),
(65, 27, 10),
(66, 11, 23),
(67, 11, 24),
(68, 11, 41),
(69, 45, 17),
(70, 36, 17),
(71, 36, 12),
(72, 44, 13),
(73, 44, 35),
(74, 17, 9),
(75, 17, 10),
(76, 17, 35),
(77, 23, 20),
(78, 23, 10),
(79, 23, 21),
(80, 42, 26),
(81, 42, 45),
(82, 42, 46),
(83, 46, 13),
(84, 46, 21);

-- --------------------------------------------------------

--
-- Estructura de tabla para la tabla `modalidad`
--

CREATE TABLE IF NOT EXISTS `modalidad` (
  `id` int(11) NOT NULL,
  `nom` varchar(255) NOT NULL,
  PRIMARY KEY (`id`)
) ENGINE=MyISAM DEFAULT CHARSET=latin1;

--
-- Volcado de datos para la tabla `modalidad`
--

INSERT INTO `modalidad` (`id`, `nom`) VALUES
(1, 'Diurno'),
(2, 'Vespertino'),
(3, 'Online');

-- --------------------------------------------------------

--
-- Estructura de tabla para la tabla `nivelseguridad`
--

CREATE TABLE IF NOT EXISTS `nivelseguridad` (
  `id_seg` int(11) NOT NULL,
  `nom` varchar(255) NOT NULL,
  `desc` varchar(255) NOT NULL,
  PRIMARY KEY (`id_seg`)
) ENGINE=MyISAM DEFAULT CHARSET=latin1;

--
-- Volcado de datos para la tabla `nivelseguridad`
--

INSERT INTO `nivelseguridad` (`id_seg`, `nom`, `desc`) VALUES
(1, 'Público', 'Todos pueden ver y descargar el archivo.'),
(2, 'Seguidores', 'Tus seguidores podrán tener acceso a tus archivos'),
(3, 'Compañeros de Curso', 'Tus compañeros de curso podrán tener acceso a tus archivos'),
(4, 'Compañeros de Carrera', 'Tus compañeros de carrera podrán tener acceso a tus archivos'),
(5, 'Personalizar', 'Personaliza tu nivel de seguridad');

-- --------------------------------------------------------

--
-- Estructura de tabla para la tabla `ramos`
--

CREATE TABLE IF NOT EXISTS `ramos` (
  `id` int(11) NOT NULL,
  `desc` varchar(255) NOT NULL,
  `desc_noTilde` varchar(255) NOT NULL,
  PRIMARY KEY (`id`)
) ENGINE=MyISAM DEFAULT CHARSET=latin1;

--
-- Volcado de datos para la tabla `ramos`
--

INSERT INTO `ramos` (`id`, `desc`, `desc_noTilde`) VALUES
(1, 'Matemática I', 'Matematica I'),
(2, 'Análisis y Diseño Orientado a Objeto', 'Analisis y Diseño Orientado a Objeto'),
(3, 'Fundamentos de Programación', 'Fundamentos de Programacion'),
(4, 'IT Essentials', 'IT Essentials'),
(5, 'Técnicas de Comunicación Oral y Escrita', 'Tecnicas de Comunicacion Oral y Escrita'),
(6, 'Inglés I', 'Ingles I'),
(7, 'Matemática II', 'Matematica II'),
(8, 'Taller de Programación I', 'Taller de Programacion I'),
(9, 'Diseño de Base de Datos', 'Diseño de Base de Datos'),
(10, 'Networking I', 'Networking I'),
(11, 'Organización y Métodos de Trabajo', 'Organizacion y Metodos de Trabajo'),
(12, 'Inglés II', 'Ingles II'),
(13, 'Taller de Programación II', 'Taller de Programacion II'),
(14, 'Taller de Programación III', 'Taller de Programacion III'),
(15, 'Taller de Base de Datos', 'Taller de Base de Datos'),
(16, 'Taller de Mantención de Software', 'Taller de Mantencion de Software'),
(17, 'Sistemas de Información I', 'Sistemas de Informacion I'),
(18, 'Inglés III', 'Ingles III'),
(19, 'Competencias de Empleabilidad', 'Competencias de Empleabilidad'),
(20, 'Taller de Programación IV', 'Taller de Programacion IV'),
(21, 'Herramientas de Desarrollo Web', 'Herramientas de Desarrollo Web'),
(22, 'Taller de Sistemas Operativos I', 'Taller de Sistemas Operativos I'),
(23, 'Sistemas de Información II', 'Sistemas de Informacion II'),
(24, 'Inglés IV', 'Ingles IV'),
(25, 'Ingeniería y Gestión de Requerimientos', 'Ingenieria y Gestion de Requerimientos'),
(26, 'Ingeniería de Software', 'Ingenieria de Software'),
(27, 'Modelamiento de Procesos de Negocio', 'Modelamiento de Procesos de Negocio'),
(28, 'Taller de Sistemas Operativos II', 'Taller de Sistemas Operativos II'),
(29, 'Contabilidad, Costos y Presupuestos', 'Contabilidad, Costos y Presupuestos'),
(30, 'Inglés V', 'Ingles V'),
(31, 'Cálculo I', 'Calculo I'),
(32, 'Inglés para TI', 'Ingles para TI'),
(33, 'Gestión de Proyectos Informáticos', 'Gestion de Proyectos Informaticos'),
(34, 'Arquitectura de Tecnología Empresarial', 'Arquitectura de Tecnologia Empresarial'),
(35, 'Ética y Legislación', 'etica y Legislacion'),
(36, 'Preparación y Evaluación de Proyectos', 'Preparacion y Evaluacion de Proyectos'),
(37, 'Estadística y Probabilidad', 'Estadistica y Probabilidad'),
(38, 'Taller de Proyecto de Software', 'Taller de Proyecto de Software'),
(39, 'Taller de Proyecto de Infraestructura', 'Taller de Proyecto de Infraestructura'),
(40, 'Gestión de Servicios y Gobernabilidad de TI', 'Gestion de Servicios y Gobernabilidad de TI'),
(41, 'Comportamiento Organizacional y Recursos Humanos', 'Comportamiento Organizacional y Recursos Humanos'),
(42, 'Tecnologías de Información y Comunicación I', 'Tecnologias de Informacion y Comunicacion I'),
(43, 'Taller Integral de Proyectos Informáticos', 'Taller Integral de Proyectos Informaticos'),
(44, 'Seguridad y Auditoría Informática', 'Seguridad y Auditoria Informatica'),
(45, 'Planificación Estratégica', 'Planificacion Estrategica'),
(46, 'Tecnologías de Información y Comunicación II', 'Tecnologias de Informacion y Comunicacion II'),
(47, 'Taller de Investigación Operativa', 'Taller de Investigacion Operativa');

-- --------------------------------------------------------

--
-- Estructura de tabla para la tabla `tbl_images`
--

CREATE TABLE IF NOT EXISTS `tbl_images` (
  `id` int(11) NOT NULL AUTO_INCREMENT,
  `imgname` varchar(250) NOT NULL,
  `imgtype` varchar(100) NOT NULL,
  `imgsize` varchar(100) NOT NULL,
  PRIMARY KEY (`id`)
) ENGINE=MyISAM  DEFAULT CHARSET=latin1 AUTO_INCREMENT=39 ;

--
-- Volcado de datos para la tabla `tbl_images`
--

INSERT INTO `tbl_images` (`id`, `imgname`, `imgtype`, `imgsize`) VALUES
(19, '', 'image/jpeg', '1045626'),
(31, '026750jpeg-home.jpg', 'image/jpeg', '31706'),
(32, '028491jpeg-home.jpg', 'image/jpeg', '31706'),
(38, '014593the_wizard_of_oz_threadless_alternative_art_fun_desktop_1680x1050_hd-wallpaper-903027.png', 'image/png', '558989');

-- --------------------------------------------------------

--
-- Estructura de tabla para la tabla `tipoins`
--

CREATE TABLE IF NOT EXISTS `tipoins` (
  `id` int(11) NOT NULL,
  `tipo` varchar(255) NOT NULL,
  `tipoHTML` varchar(255) NOT NULL,
  PRIMARY KEY (`id`)
) ENGINE=MyISAM DEFAULT CHARSET=latin1;

--
-- Volcado de datos para la tabla `tipoins`
--

INSERT INTO `tipoins` (`id`, `tipo`, `tipoHTML`) VALUES
(1, 'Universidad', 'Universidad'),
(2, 'Centro de Formación Técnica', 'Centro de Formaci&oacute;n T&eacute;cnica'),
(3, 'Instituto Profesional', 'Instituto Profesional');

-- --------------------------------------------------------

--
-- Estructura de tabla para la tabla `up_material`
--

CREATE TABLE IF NOT EXISTS `up_material` (
  `id` int(11) NOT NULL AUTO_INCREMENT,
  `carrera_ID` int(11) NOT NULL,
  `ramo_ID` int(11) NOT NULL,
  `docente_ID` int(11) NOT NULL,
  `usuario_ID` int(11) NOT NULL,
  `id_tipomaterial` int(11) NOT NULL,
  `fecha` date NOT NULL,
  `hora` time NOT NULL,
  `nombre` varchar(255) NOT NULL,
  `extension` varchar(15) NOT NULL,
  `descripcion` varchar(510) NOT NULL,
  `seg_1` int(11) NOT NULL,
  `seg_2` int(11) NOT NULL,
  `seg_3` int(11) NOT NULL,
  `seg_4` int(11) NOT NULL,
  `seg_5` int(11) NOT NULL,
  `ubicacion` varchar(255) NOT NULL,
  `tipo_archivo` varchar(100) NOT NULL,
  `size` int(11) NOT NULL,
  PRIMARY KEY (`id`)
) ENGINE=MyISAM  DEFAULT CHARSET=latin1 AUTO_INCREMENT=11 ;

--
-- Volcado de datos para la tabla `up_material`
--

INSERT INTO `up_material` (`id`, `carrera_ID`, `ramo_ID`, `docente_ID`, `usuario_ID`, `id_tipomaterial`, `fecha`, `hora`, `nombre`, `extension`, `descripcion`, `seg_1`, `seg_2`, `seg_3`, `seg_4`, `seg_5`, `ubicacion`, `tipo_archivo`, `size`) VALUES
(1, 56, 28, 1, 10, 6, '2016-02-17', '12:07:04', 'instituciones2.xlsx', '.xlsx', 'desc_archivo', 0, 1, 0, 0, 0, 'users/linki.mtl@gmail.com/carrera/ramos/Taller de Sistemas Operativos II/Coello Gonzalez. Ruben Andres', '', 0),
(2, 56, 37, 3, 10, 2, '2016-02-17', '12:41:11', 'activate-use-xdebug.pdf', '.pdf', 'desc_archivo', 0, 1, 0, 1, 0, 'users/linki.mtl@gmail.com/carrera/ramos/Estadistica y Probabilidad/Valencia Godoy. Cecilia', '', 0),
(3, 56, 28, 1, 11, 1, '2016-02-17', '15:48:56', 'activate-use-xdebug.pdf', '.pdf', 'desc_archivo', 1, 0, 0, 0, 0, 'users/urkt.mtl@gmail.com/carrera/ramos/Taller de Sistemas Operativos II/Coello Gonzalez. Ruben Andres', '', 0),
(4, 56, 33, 2, 8, 5, '2016-02-21', '18:54:12', '20150823_112520_HDR.jpg', '.jpg', 'desc_archivo', 1, 0, 0, 0, 0, 'users/david.torres.santander@gmail.com/carrera/ramos/Gestion de Proyectos Informaticos/Muñoz Sasso. Sergio Andres', '', 0),
(5, 56, 28, 1, 8, 5, '2016-02-21', '18:54:56', '20150823_123720_HDR.jpg', '.jpg', 'desc_archivo', 0, 1, 0, 0, 0, 'users/david.torres.santander@gmail.com/carrera/ramos/Taller de Sistemas Operativos II/Coello Gonzalez. Ruben Andres', '', 0),
(6, 56, 28, 1, 8, 2, '2016-02-21', '18:57:50', '20150823_112520_HDR.jpg', '.jpg', 'desc_archivo', 0, 0, 1, 0, 0, 'users/david.torres.santander@gmail.com/carrera/ramos/Taller de Sistemas Operativos II/Coello Gonzalez. Ruben Andres', '', 0),
(7, 56, 28, 1, 8, 2, '2016-02-21', '18:57:50', '20150823_112520_HDR.jpg', '.jpg', 'desc_archivo', 0, 0, 1, 0, 0, 'users/david.torres.santander@gmail.com/carrera/ramos/Taller de Sistemas Operativos II/Coello Gonzalez. Ruben Andres', '', 0),
(8, 56, 28, 1, 8, 4, '2016-02-21', '19:05:29', '20150823_123720_HDR.jpg', '.jpg', 'desc_archivo', 1, 0, 0, 0, 0, 'users/david.torres.santander@gmail.com/carrera/ramos/Taller de Sistemas Operativos II/Coello Gonzalez. Ruben Andres', '', 0),
(9, 56, 37, 3, 8, 5, '2016-02-21', '19:06:06', 'bbdd_datosPersonales.xlsx', '.xlsx', 'desc_archivo', 0, 0, 1, 0, 0, 'users/david.torres.santander@gmail.com/carrera/ramos/Estadistica y Probabilidad/Valencia Godoy. Cecilia', 'application/vnd.openxmlformats-officedocument.spreadsheetml.sheet', 97794),
(10, 56, 23, 10, 8, 1, '2016-05-04', '00:34:56', 'cuentas.xlsx', '.xlsx', 'desc_archivo', 1, 0, 0, 0, 0, 'users/david.torres.santander@gmail.com/carrera/ramos/Sistemas de Informacion II/Leon Melita. Patrick Alexander ', 'application/vnd.openxmlformats-officedocument.spreadsheetml.sheet', 11498);

-- --------------------------------------------------------

--
-- Estructura de tabla para la tabla `usuarios`
--

CREATE TABLE IF NOT EXISTS `usuarios` (
  `idUsuario` int(11) NOT NULL AUTO_INCREMENT,
  `nom` varchar(255) NOT NULL,
  `ape` varchar(255) NOT NULL,
  `tipoIns_ID` int(11) NOT NULL,
  `instituciones_ID` int(11) NOT NULL,
  `carreras_ID` int(11) NOT NULL,
  `email` varchar(255) NOT NULL,
  `pass` varchar(255) NOT NULL,
  PRIMARY KEY (`idUsuario`),
  UNIQUE KEY `email` (`email`)
) ENGINE=MyISAM  DEFAULT CHARSET=latin1 AUTO_INCREMENT=24 ;

--
-- Volcado de datos para la tabla `usuarios`
--

INSERT INTO `usuarios` (`idUsuario`, `nom`, `ape`, `tipoIns_ID`, `instituciones_ID`, `carreras_ID`, `email`, `pass`) VALUES
(1, 'Sergio', 'Gómez', 1, 2, 2, 'hola', 'hola2'),
(4, 'david', 'Torres', 3, 37, 106, 'david.storres@gmail.com', '123456'),
(5, 'sasa', 'asassa', 3, 35, 140, 'david.storres11@gmail.com', '123456'),
(6, 'asdasd', 'asdasd', 2, 26, 162, 'david.storres1221@gmail.com', '123456'),
(7, '121', '1', 2, 212, 158, 'david.storres122122@gmail.com', '123456'),
(8, 'David', 'Torres', 1, 158, 56, 'david.torres.santander@gmail.com', '123456'),
(10, 'David', 'Torres', 1, 158, 56, 'linki.mtl@gmail.com', '123456'),
(11, 'Cristian', 'Medina', 1, 158, 56, 'urkt.mtl@gmail.com', '123456'),
(17, 'Sergio', 'Torres', 1, 158, 56, 'san.storres@gmail.com', '123456'),
(18, 'Natalia', 'Badilla', 1, 158, 56, 'natalia.badilla@gmail.com', '123456'),
(19, 'Angelo', 'Pesce', 1, 158, 56, 'angelo.pesce@gmail.com', '123456'),
(20, 'carlos', 'gonzalez', 2, 26, 162, 'svfsdfvd@sdfdsf.cl', '4553105'),
(21, 'Alvaro', 'Fernandez', 1, 158, 56, 'afernandezbueno@gmail.com', '4a5s6d'),
(23, 'Pedro', 'Moreno', 1, 12, 20, 'felipe_moreno7@hotmail.com', '223180223180');

/*!40101 SET CHARACTER_SET_CLIENT=@OLD_CHARACTER_SET_CLIENT */;
/*!40101 SET CHARACTER_SET_RESULTS=@OLD_CHARACTER_SET_RESULTS */;
/*!40101 SET COLLATION_CONNECTION=@OLD_COLLATION_CONNECTION */;
